timestamp,item_id,error,feature1,feature2,feature3
2019-11-10 00:00:00.000000000,413,F,a0,b3,c1
2019-11-10 03:09:14.769846564,1008,E,a1,b3,c2
2019-11-10 06:18:29.539693128,145,,a1,b3,c0
2019-11-10 09:27:44.309539693,1467,,a0,b2,c0
2019-11-10 12:36:59.079386257,1480,E,a1,b4,c1
2019-11-10 15:46:13.849232821,664,H,a3,b3,c5
2019-11-10 18:55:28.619079386,696,,a3,b1,c5
2019-11-10 22:04:43.388925950,877,F,a0,b4,c4
2019-11-11 01:13:58.158772515,615,G,a0,b3,c0
2019-11-11 04:23:12.928619079,797,,a3,b2,c1
2019-11-11 07:32:27.698465643,1207,G,a2,b4,c5
2019-11-11 10:41:42.468312208,1434,,a3,b4,c4
2019-11-11 13:50:57.238158772,1236,H,a4,b5,c3
2019-11-11 17:00:12.008005336,1060,G,a1,b6,c4
2019-11-11 20:09:26.777851901,440,,a1,b4,c1
2019-11-11 23:18:41.547698465,1057,F,a4,b5,c2
2019-11-12 02:27:56.317545030,999,H,a2,b5,c3
2019-11-12 05:37:11.087391594,502,G,a2,b5,c0
2019-11-12 08:46:25.857238158,851,F,a0,b2,c2
2019-11-12 11:55:40.627084723,19,,a3,b6,c1
2019-11-12 15:04:55.396931287,735,E,a2,b3,c0
2019-11-12 18:14:10.166777851,1204,,a1,b2,c0
2019-11-12 21:23:24.936624416,598,,a3,b4,c2
2019-11-13 00:32:39.706470980,967,,a2,b6,c0
2019-11-13 03:41:54.476317545,938,E,a4,b6,c3
2019-11-13 06:51:09.246164109,1250,,a4,b5,c4
2019-11-13 10:00:24.016010673,812,F,a0,b1,c5
2019-11-13 13:09:38.785857238,1353,E,a0,b2,c0
2019-11-13 16:18:53.555703802,910,,a2,b4,c4
2019-11-13 19:28:08.325550366,559,E,a0,b5,c1
2019-11-13 22:37:23.095396931,1440,,a4,b4,c1
2019-11-14 01:46:37.865243495,1364,,a1,b3,c4
2019-11-14 04:55:52.635090060,183,F,a1,b2,c1
2019-11-14 08:05:07.404936624,1112,,a2,b0,c2
2019-11-14 11:14:22.174783188,567,,a1,b6,c4
2019-11-14 14:23:36.944629753,1028,E,a1,b2,c2
2019-11-14 17:32:51.714476317,126,,a1,b4,c5
2019-11-14 20:42:06.484322881,1117,F,a2,b1,c1
2019-11-14 23:51:21.254169446,811,G,a0,b2,c2
2019-11-15 03:00:36.024016010,506,H,a3,b6,c4
2019-11-15 06:09:50.793862575,997,,a0,b3,c4
2019-11-15 09:19:05.563709139,657,,a1,b5,c5
2019-11-15 12:28:20.333555703,175,H,a3,b1,c4
2019-11-15 15:37:35.103402268,876,H,a0,b4,c2
2019-11-15 18:46:49.873248832,1375,,a0,b6,c3
2019-11-15 21:56:04.643095396,719,F,a4,b6,c5
2019-11-16 01:05:19.412941961,1395,,a1,b4,c0
2019-11-16 04:14:34.182788525,1146,,a2,b5,c3
2019-11-16 07:23:48.952635090,963,F,a1,b4,c1
2019-11-16 10:33:03.722481654,525,,a4,b6,c4
2019-11-16 13:42:18.492328218,1081,H,a1,b3,c3
2019-11-16 16:51:33.262174783,831,H,a0,b3,c4
2019-11-16 20:00:48.032021347,303,,a2,b5,c5
2019-11-16 23:10:02.801867912,597,G,a4,b2,c1
2019-11-17 02:19:17.571714476,563,E,a4,b4,c1
2019-11-17 05:28:32.341561040,317,,a2,b1,c0
2019-11-17 08:37:47.111407605,715,,a1,b1,c3
2019-11-17 11:47:01.881254169,107,E,a4,b0,c2
2019-11-17 14:56:16.651100733,1154,H,a0,b0,c0
2019-11-17 18:05:31.420947298,449,E,a0,b5,c3
2019-11-17 21:14:46.190793862,518,E,a3,b6,c2
2019-11-18 00:24:00.960640427,955,F,a0,b2,c2
2019-11-18 03:33:15.730486991,95,E,a3,b5,c3
2019-11-18 06:42:30.500333555,512,H,a0,b3,c0
2019-11-18 09:51:45.270180120,494,G,a2,b6,c1
2019-11-18 13:01:00.040026684,1095,D,a3,b5,c0
2019-11-18 16:10:14.809873248,984,E,a4,b1,c3
2019-11-18 19:19:29.579719813,325,F,a0,b4,c5
2019-11-18 22:28:44.349566377,1389,,a0,b1,c4
2019-11-19 01:37:59.119412942,500,H,a4,b3,c3
2019-11-19 04:47:13.889259506,1405,D,a2,b3,c3
2019-11-19 07:56:28.659106070,1165,G,a4,b4,c3
2019-11-19 11:05:43.428952635,256,,a0,b4,c2
2019-11-19 14:14:58.198799199,816,H,a1,b6,c5
2019-11-19 17:24:12.968645763,312,E,a1,b5,c2
2019-11-19 20:33:27.738492328,1343,H,a2,b1,c0
2019-11-19 23:42:42.508338892,887,,a4,b2,c5
2019-11-20 02:51:57.278185457,1268,,a0,b5,c0
2019-11-20 06:01:12.048032021,580,G,a3,b1,c0
2019-11-20 09:10:26.817878585,230,,a4,b5,c5
2019-11-20 12:19:41.587725150,782,,a4,b5,c1
2019-11-20 15:28:56.357571714,900,G,a3,b6,c1
2019-11-20 18:38:11.127418278,1422,H,a4,b0,c2
2019-11-20 21:47:25.897264843,736,F,a1,b4,c5
2019-11-21 00:56:40.667111407,1131,E,a3,b6,c5
2019-11-21 04:05:55.436957972,769,,a4,b2,c5
2019-11-21 07:15:10.206804536,85,F,a0,b0,c5
2019-11-21 10:24:24.976651100,1367,,a4,b4,c4
2019-11-21 13:33:39.746497665,880,H,a3,b6,c0
2019-11-21 16:42:54.516344229,764,F,a0,b5,c4
2019-11-21 19:52:09.286190793,1193,,a4,b4,c3
2019-11-21 23:01:24.056037358,164,,a2,b3,c4
2019-11-22 02:10:38.825883922,416,,a4,b5,c1
2019-11-22 05:19:53.595730487,1326,H,a4,b3,c0
2019-11-22 08:29:08.365577051,1477,,a0,b6,c2
2019-11-22 11:38:23.135423615,1443,,a1,b6,c0
2019-11-22 14:47:37.905270180,109,D,a3,b5,c4
2019-11-22 17:56:52.675116744,1457,F,a2,b6,c4
2019-11-22 21:06:07.444963309,113,,a3,b6,c2
2019-11-23 00:15:22.214809873,762,G,a3,b3,c3
2019-11-23 03:24:36.984656437,399,D,a3,b3,c4
2019-11-23 06:33:51.754503002,614,F,a1,b1,c5
2019-11-23 09:43:06.524349566,92,,a4,b5,c3
2019-11-23 12:52:21.294196130,241,F,a1,b6,c4
2019-11-23 16:01:36.064042695,1426,G,a1,b6,c1
2019-11-23 19:10:50.833889259,1180,H,a4,b6,c0
2019-11-23 22:20:05.603735824,461,,a1,b6,c1
2019-11-24 01:29:20.373582388,1198,,a3,b6,c5
2019-11-24 04:38:35.143428952,322,G,a3,b4,c0
2019-11-24 07:47:49.913275517,405,G,a1,b4,c3
2019-11-24 10:57:04.683122081,98,G,a0,b5,c4
2019-11-24 14:06:19.452968645,1463,,a1,b6,c0
2019-11-24 17:15:34.222815210,1035,D,a1,b1,c0
2019-11-24 20:24:48.992661774,667,G,a1,b6,c2
2019-11-24 23:34:03.762508339,961,E,a4,b6,c3
2019-11-25 02:43:18.532354903,920,,a2,b3,c1
2019-11-25 05:52:33.302201467,475,F,a1,b6,c1
2019-11-25 09:01:48.072048032,1302,G,a3,b1,c3
2019-11-25 12:11:02.841894596,531,H,a2,b5,c5
2019-11-25 15:20:17.611741160,63,,a1,b6,c5
2019-11-25 18:29:32.381587725,670,G,a2,b5,c3
2019-11-25 21:38:47.151434289,262,F,a0,b3,c3
2019-11-26 00:48:01.921280854,923,,a3,b5,c1
2019-11-26 03:57:16.691127418,566,F,a4,b6,c1
2019-11-26 07:06:31.460973982,40,H,a3,b2,c0
2019-11-26 10:15:46.230820547,265,H,a3,b4,c3
2019-11-26 13:25:01.000667111,1182,F,a0,b2,c1
2019-11-26 16:34:15.770513675,928,E,a2,b5,c1
2019-11-26 19:43:30.540360240,808,,a4,b6,c1
2019-11-26 22:52:45.310206804,148,,a2,b4,c3
2019-11-27 02:02:00.080053369,889,G,a4,b3,c2
2019-11-27 05:11:14.849899933,884,,a4,b4,c0
2019-11-27 08:20:29.619746497,1411,E,a3,b1,c3
2019-11-27 11:29:44.389593062,222,F,a4,b5,c5
2019-11-27 14:38:59.159439626,694,H,a4,b5,c4
2019-11-27 17:48:13.929286191,1248,E,a1,b4,c0
2019-11-27 20:57:28.699132755,705,,a0,b1,c4
2019-11-28 00:06:43.468979319,179,H,a0,b4,c1
2019-11-28 03:15:58.238825884,84,D,a0,b3,c5
2019-11-28 06:25:13.008672448,1305,H,a3,b6,c1
2019-11-28 09:34:27.778519012,1247,H,a3,b0,c4
2019-11-28 12:43:42.548365577,478,F,a0,b2,c1
2019-11-28 15:52:57.318212141,118,,a4,b1,c4
2019-11-28 19:02:12.088058706,38,G,a1,b4,c0
2019-11-28 22:11:26.857905270,1303,E,a0,b6,c4
2019-11-29 01:20:41.627751834,584,H,a2,b5,c3
2019-11-29 04:29:56.397598399,451,G,a4,b3,c1
2019-11-29 07:39:11.167444963,1251,D,a4,b0,c5
2019-11-29 10:48:25.937291527,763,F,a3,b4,c4
2019-11-29 13:57:40.707138092,1047,H,a1,b2,c4
2019-11-29 17:06:55.476984656,1077,F,a3,b6,c2
2019-11-29 20:16:10.246831221,565,G,a3,b5,c2
2019-11-29 23:25:25.016677785,385,F,a1,b5,c0
2019-11-30 02:34:39.786524349,978,G,a0,b5,c4
2019-11-30 05:43:54.556370914,331,H,a4,b3,c3
2019-11-30 08:53:09.326217478,718,H,a2,b3,c0
2019-11-30 12:02:24.096064042,1141,G,a2,b4,c2
2019-11-30 15:11:38.865910607,1468,,a0,b3,c2
2019-11-30 18:20:53.635757171,1045,H,a4,b2,c0
2019-11-30 21:30:08.405603736,443,H,a2,b3,c5
2019-12-01 00:39:23.175450300,371,,a2,b6,c3
2019-12-01 03:48:37.945296864,504,H,a4,b4,c3
2019-12-01 06:57:52.715143429,666,H,a0,b3,c1
2019-12-01 10:07:07.484989993,1143,F,a2,b3,c0
2019-12-01 13:16:22.254836557,979,,a2,b5,c3
2019-12-01 16:25:37.024683122,323,F,a4,b5,c3
2019-12-01 19:34:51.794529686,376,,a3,b0,c2
2019-12-01 22:44:06.564376251,479,G,a0,b5,c2
2019-12-02 01:53:21.334222815,570,H,a2,b5,c1
2019-12-02 05:02:36.104069379,600,F,a3,b2,c3
2019-12-02 08:11:50.873915944,1376,G,a4,b6,c0
2019-12-02 11:21:05.643762508,36,,a4,b4,c5
2019-12-02 14:30:20.413609072,799,,a1,b6,c1
2019-12-02 17:39:35.183455637,1178,H,a1,b3,c3
2019-12-02 20:48:49.953302201,28,,a2,b5,c4
2019-12-02 23:58:04.723148766,754,H,a1,b4,c2
2019-12-03 03:07:19.492995330,89,G,a4,b5,c1
2019-12-03 06:16:34.262841894,337,F,a4,b6,c1
2019-12-03 09:25:49.032688459,340,G,a2,b2,c5
2019-12-03 12:35:03.802535023,839,G,a4,b5,c5
2019-12-03 15:44:18.572381587,426,F,a3,b6,c3
2019-12-03 18:53:33.342228152,459,G,a1,b3,c2
2019-12-03 22:02:48.112074716,123,G,a1,b6,c4
2019-12-04 01:12:02.881921281,987,,a3,b3,c4
2019-12-04 04:21:17.651767845,814,H,a0,b3,c1
2019-12-04 07:30:32.421614409,1051,G,a4,b2,c5
2019-12-04 10:39:47.191460974,4,D,a4,b3,c4
2019-12-04 13:49:01.961307538,1441,,a2,b2,c4
2019-12-04 16:58:16.731154102,378,,a4,b5,c1
2019-12-04 20:07:31.501000667,474,H,a0,b4,c5
2019-12-04 23:16:46.270847231,1011,H,a0,b6,c5
2019-12-05 02:26:01.040693796,1222,F,a3,b6,c5
2019-12-05 05:35:15.810540360,1445,H,a0,b2,c4
2019-12-05 08:44:30.580386924,153,,a2,b6,c4
2019-12-05 11:53:45.350233489,396,H,a4,b4,c3
2019-12-05 15:03:00.120080053,909,G,a3,b5,c5
2019-12-05 18:12:14.889926618,1136,G,a2,b4,c5
2019-12-05 21:21:29.659773182,380,H,a0,b5,c1
2019-12-06 00:30:44.429619746,1418,,a2,b5,c1
2019-12-06 03:39:59.199466311,675,F,a0,b5,c3
2019-12-06 06:49:13.969312875,232,,a1,b3,c5
2019-12-06 09:58:28.739159440,320,,a1,b0,c2
2019-12-06 13:07:43.509006004,941,,a0,b6,c3
2019-12-06 16:16:58.278852568,20,G,a3,b3,c1
2019-12-06 19:26:13.048699133,1097,,a1,b3,c1
2019-12-06 22:35:27.818545697,1113,H,a1,b2,c0
2019-12-07 01:44:42.588392261,697,H,a4,b6,c3
2019-12-07 04:53:57.358238826,585,G,a0,b3,c5
2019-12-07 08:03:12.128085390,720,,a1,b3,c2
2019-12-07 11:12:26.897931955,1378,F,a3,b3,c2
2019-12-07 14:21:41.667778519,242,F,a3,b5,c5
2019-12-07 17:30:56.437625083,225,H,a0,b6,c2
2019-12-07 20:40:11.207471648,1099,F,a3,b4,c2
2019-12-07 23:49:25.977318212,68,E,a0,b3,c5
2019-12-08 02:58:40.747164776,501,D,a4,b5,c1
2019-12-08 06:07:55.517011341,1242,E,a4,b4,c5
2019-12-08 09:17:10.286857905,121,,a1,b6,c5
2019-12-08 12:26:25.056704470,1015,F,a1,b5,c0
2019-12-08 15:35:39.826551034,349,,a0,b6,c0
2019-12-08 18:44:54.596397598,470,,a0,b3,c0
2019-12-08 21:54:09.366244163,7,G,a4,b5,c5
2019-12-09 01:03:24.136090727,596,,a1,b5,c5
2019-12-09 04:12:38.905937291,609,G,a0,b6,c3
2019-12-09 07:21:53.675783856,1109,,a1,b2,c3
2019-12-09 10:31:08.445630420,1005,,a3,b4,c4
2019-12-09 13:40:23.215476985,1090,D,a1,b5,c2
2019-12-09 16:49:37.985323549,247,F,a2,b0,c0
2019-12-09 19:58:52.755170113,554,H,a3,b1,c0
2019-12-09 23:08:07.525016678,363,G,a1,b3,c2
2019-12-10 02:17:22.294863242,662,,a4,b0,c3
2019-12-10 05:26:37.064709806,273,E,a1,b6,c4
2019-12-10 08:35:51.834556371,1070,E,a0,b6,c5
2019-12-10 11:45:06.604402935,1055,G,a4,b1,c2
2019-12-10 14:54:21.374249500,529,H,a1,b6,c3
2019-12-10 18:03:36.144096064,698,,a4,b5,c4
2019-12-10 21:12:50.913942628,1064,E,a4,b6,c3
2019-12-11 00:22:05.683789193,903,G,a3,b3,c3
2019-12-11 03:31:20.453635757,665,F,a4,b6,c1
2019-12-11 06:40:35.223482321,77,D,a4,b4,c2
2019-12-11 09:49:49.993328886,712,G,a3,b6,c1
2019-12-11 12:59:04.763175450,766,F,a4,b1,c5
2019-12-11 16:08:19.533022015,1306,,a0,b4,c0
2019-12-11 19:17:34.302868579,688,,a1,b4,c3
2019-12-11 22:26:49.072715143,1210,,a2,b6,c5
2019-12-12 01:36:03.842561708,1498,G,a1,b3,c1
2019-12-12 04:45:18.612408272,180,H,a4,b6,c5
2019-12-12 07:54:33.382254836,417,H,a2,b3,c1
2019-12-12 11:03:48.152101401,435,F,a3,b5,c3
2019-12-12 14:13:02.921947965,1227,D,a0,b1,c1
2019-12-12 17:22:17.691794530,532,F,a1,b1,c4
2019-12-12 20:31:32.461641094,1044,H,a3,b4,c4
2019-12-12 23:40:47.231487658,940,H,a1,b5,c5
2019-12-13 02:50:02.001334223,789,,a4,b5,c3
2019-12-13 05:59:16.771180787,945,,a0,b6,c0
2019-12-13 09:08:31.541027351,668,,a3,b5,c4
2019-12-13 12:17:46.310873916,1482,H,a3,b4,c2
2019-12-13 15:27:01.080720480,1010,G,a4,b4,c4
2019-12-13 18:36:15.850567045,284,F,a3,b6,c1
2019-12-13 21:45:30.620413609,832,,a1,b4,c2
2019-12-14 00:54:45.390260173,1003,D,a2,b5,c0
2019-12-14 04:04:00.160106738,1229,G,a0,b4,c4
2019-12-14 07:13:14.929953302,490,H,a2,b2,c4
2019-12-14 10:22:29.699799867,1122,F,a1,b2,c5
2019-12-14 13:31:44.469646431,1086,E,a0,b6,c3
2019-12-14 16:40:59.239492995,1316,E,a1,b5,c2
2019-12-14 19:50:14.009339560,24,H,a0,b1,c2
2019-12-14 22:59:28.779186124,195,F,a4,b4,c0
2019-12-15 02:08:43.549032688,628,F,a4,b1,c1
2019-12-15 05:17:58.318879253,860,H,a1,b2,c5
2019-12-15 08:27:13.088725817,749,F,a0,b0,c2
2019-12-15 11:36:27.858572382,142,,a4,b4,c2
2019-12-15 14:45:42.628418946,305,,a0,b3,c3
2019-12-15 17:54:57.398265510,1220,D,a1,b5,c4
2019-12-15 21:04:12.168112075,1275,,a3,b4,c5
2019-12-16 00:13:26.937958639,1161,G,a3,b6,c2
2019-12-16 03:22:41.707805203,842,G,a4,b5,c0
2019-12-16 06:31:56.477651768,1341,,a0,b4,c5
2019-12-16 09:41:11.247498332,1228,F,a0,b4,c5
2019-12-16 12:50:26.017344897,621,,a1,b3,c1
2019-12-16 15:59:40.787191461,1312,G,a2,b3,c5
2019-12-16 19:08:55.557038025,988,H,a0,b6,c5
2019-12-16 22:18:10.326884590,289,H,a4,b6,c5
2019-12-17 01:27:25.096731154,1170,,a1,b5,c1
2019-12-17 04:36:39.866577718,528,G,a4,b6,c0
2019-12-17 07:45:54.636424283,677,H,a2,b3,c5
2019-12-17 10:55:09.406270847,645,,a2,b6,c4
2019-12-17 14:04:24.176117412,863,H,a0,b4,c3
2019-12-17 17:13:38.945963976,388,G,a1,b5,c0
2019-12-17 20:22:53.715810540,3,,a0,b4,c4
2019-12-17 23:32:08.485657105,1103,E,a2,b0,c3
2019-12-18 02:41:23.255503669,436,H,a1,b3,c1
2019-12-18 05:50:38.025350233,748,F,a0,b1,c5
2019-12-18 08:59:52.795196798,1322,,a2,b2,c3
2019-12-18 12:09:07.565043362,781,F,a2,b5,c0
2019-12-18 15:18:22.334889927,1359,G,a0,b4,c4
2019-12-18 18:27:37.104736491,492,E,a3,b6,c3
2019-12-18 21:36:51.874583055,547,F,a0,b6,c0
2019-12-19 00:46:06.644429620,1277,F,a1,b4,c3
2019-12-19 03:55:21.414276184,636,F,a2,b1,c0
2019-12-19 07:04:36.184122748,356,E,a1,b4,c2
2019-12-19 10:13:50.953969313,1435,H,a3,b3,c1
2019-12-19 13:23:05.723815877,1085,H,a0,b6,c5
2019-12-19 16:32:20.493662442,1300,F,a1,b4,c2
2019-12-19 19:41:35.263509006,497,H,a0,b6,c3
2019-12-19 22:50:50.033355570,1383,F,a2,b0,c5
2019-12-20 02:00:04.803202135,1162,H,a4,b0,c4
2019-12-20 05:09:19.573048699,776,G,a4,b2,c5
2019-12-20 08:18:34.342895263,137,,a4,b4,c4
2019-12-20 11:27:49.112741828,489,F,a4,b6,c1
2019-12-20 14:37:03.882588392,893,,a1,b6,c5
2019-12-20 17:46:18.652434957,465,F,a0,b4,c2
2019-12-20 20:55:33.422281521,745,E,a1,b1,c4
2019-12-21 00:04:48.192128085,249,F,a1,b4,c4
2019-12-21 03:14:02.961974650,341,E,a4,b4,c2
2019-12-21 06:23:17.731821214,888,E,a4,b4,c4
2019-12-21 09:32:32.501667778,82,,a1,b4,c5
2019-12-21 12:41:47.271514343,572,G,a4,b2,c4
2019-12-21 15:51:02.041360907,855,G,a2,b6,c3
2019-12-21 19:00:16.811207472,651,G,a1,b5,c0
2019-12-21 22:09:31.581054036,1420,H,a0,b6,c1
2019-12-22 01:18:46.350900600,171,G,a4,b4,c5
2019-12-22 04:28:01.120747165,288,,a1,b6,c4
2019-12-22 07:37:15.890593729,43,E,a1,b3,c0
2019-12-22 10:46:30.660440294,772,F,a3,b6,c1
2019-12-22 13:55:45.430286858,625,H,a0,b6,c1
2019-12-22 17:05:00.200133422,1119,D,a4,b5,c1
2019-12-22 20:14:14.969979987,33,,a4,b5,c1
2019-12-22 23:23:29.739826551,236,H,a2,b5,c5
2019-12-23 02:32:44.509673115,1145,E,a3,b5,c0
2019-12-23 05:41:59.279519680,1396,H,a2,b4,c3
2019-12-23 08:51:14.049366244,1048,D,a2,b3,c1
2019-12-23 12:00:28.819212809,1155,E,a3,b6,c5
2019-12-23 15:09:43.589059373,1350,G,a3,b3,c5
2019-12-23 18:18:58.358905937,1142,,a4,b1,c0
2019-12-23 21:28:13.128752502,321,,a1,b4,c1
2019-12-24 00:37:27.898599066,452,,a4,b5,c2
2019-12-24 03:46:42.668445630,161,H,a3,b1,c0
2019-12-24 06:55:57.438292195,174,F,a0,b4,c2
2019-12-24 10:05:12.208138759,58,G,a4,b6,c1
2019-12-24 13:14:26.977985324,794,,a1,b5,c1
2019-12-24 16:23:41.747831888,1230,G,a1,b3,c5
2019-12-24 19:32:56.517678452,653,H,a3,b5,c2
2019-12-24 22:42:11.287525017,660,F,a4,b3,c2
2019-12-25 01:51:26.057371581,159,,a4,b3,c4
2019-12-25 05:00:40.827218145,822,H,a0,b6,c2
2019-12-25 08:09:55.597064710,484,,a4,b1,c4
2019-12-25 11:19:10.366911274,382,H,a2,b6,c5
2019-12-25 14:28:25.136757839,1354,G,a3,b4,c2
2019-12-25 17:37:39.906604403,1023,,a2,b6,c4
2019-12-25 20:46:54.676450967,50,,a2,b6,c1
2019-12-25 23:56:09.446297532,644,F,a0,b2,c2
2019-12-26 03:05:24.216144096,1149,,a0,b6,c3
2019-12-26 06:14:38.985990660,937,H,a1,b2,c3
2019-12-26 09:23:53.755837225,444,,a0,b2,c3
2019-12-26 12:33:08.525683789,635,G,a0,b1,c1
2019-12-26 15:42:23.295530354,462,F,a2,b5,c2
2019-12-26 18:51:38.065376918,1234,H,a4,b6,c1
2019-12-26 22:00:52.835223482,246,G,a4,b5,c2
2019-12-27 01:10:07.605070047,1244,H,a0,b4,c2
2019-12-27 04:19:22.374916611,499,,a4,b1,c3
2019-12-27 07:28:37.144763175,878,,a4,b1,c4
2019-12-27 10:37:51.914609740,1137,,a1,b3,c4
2019-12-27 13:47:06.684456304,1019,H,a4,b1,c1
2019-12-27 16:56:21.454302869,481,G,a2,b5,c5
2019-12-27 20:05:36.224149433,160,F,a4,b4,c2
2019-12-27 23:14:50.993995997,639,H,a1,b5,c2
2019-12-28 02:24:05.763842562,1223,E,a2,b0,c4
2019-12-28 05:33:20.533689126,223,E,a4,b6,c0
2019-12-28 08:42:35.303535690,1393,F,a4,b4,c5
2019-12-28 11:51:50.073382255,1158,,a2,b5,c0
2019-12-28 15:01:04.843228819,802,D,a3,b4,c0
2019-12-28 18:10:19.613075384,1280,F,a1,b5,c5
2019-12-28 21:19:34.382921948,166,G,a1,b3,c2
2019-12-29 00:28:49.152768512,725,G,a4,b4,c1
2019-12-29 03:38:03.922615077,106,,a1,b6,c4
2019-12-29 06:47:18.692461641,1433,H,a1,b6,c0
2019-12-29 09:56:33.462308205,1067,,a2,b2,c1
2019-12-29 13:05:48.232154770,886,H,a0,b4,c4
2019-12-29 16:15:03.002001334,1038,H,a2,b3,c4
2019-12-29 19:24:17.771847899,1483,,a1,b6,c3
2019-12-29 22:33:32.541694463,1036,F,a3,b5,c0
2019-12-30 01:42:47.311541027,1160,D,a2,b2,c4
2019-12-30 04:52:02.081387592,132,G,a2,b4,c5
2019-12-30 08:01:16.851234156,650,,a2,b6,c3
2019-12-30 11:10:31.621080721,1233,,a1,b6,c5
2019-12-30 14:19:46.390927285,1199,H,a4,b6,c0
2019-12-30 17:29:01.160773849,524,H,a2,b3,c2
2019-12-30 20:38:15.930620414,992,E,a2,b6,c3
2019-12-30 23:47:30.700466978,427,F,a0,b4,c3
2019-12-31 02:56:45.470313542,304,,a0,b6,c4
2019-12-31 06:06:00.240160107,970,F,a2,b5,c0
2019-12-31 09:15:15.010006671,1049,E,a1,b6,c1
2019-12-31 12:24:29.779853236,466,,a1,b6,c5
2019-12-31 15:33:44.549699800,194,G,a1,b6,c1
2019-12-31 18:42:59.319546364,1380,,a4,b4,c2
2019-12-31 21:52:14.089392929,1192,,a1,b6,c0
2020-01-01 01:01:28.859239493,1370,,a0,b3,c1
2020-01-01 04:10:43.629086058,330,,a2,b5,c1
2020-01-01 07:19:58.398932622,135,,a3,b6,c5
2020-01-01 10:29:13.168779186,918,G,a1,b3,c0
2020-01-01 13:38:27.938625751,1166,F,a4,b4,c2
2020-01-01 16:47:42.708472315,1317,F,a3,b4,c0
2020-01-01 19:56:57.478318880,100,,a3,b3,c0
2020-01-01 23:06:12.248165444,391,,a0,b4,c0
2020-01-02 02:15:27.018012008,810,,a2,b6,c1
2020-01-02 05:24:41.787858573,1159,D,a0,b5,c2
2020-01-02 08:33:56.557705137,264,,a3,b5,c0
2020-01-02 11:43:11.327551701,207,,a3,b1,c3
2020-01-02 14:52:26.097398266,1084,H,a0,b4,c1
2020-01-02 18:01:40.867244830,907,G,a2,b0,c3
2020-01-02 21:10:55.637091395,124,,a4,b5,c0
2020-01-03 00:20:10.406937959,467,G,a4,b2,c4
2020-01-03 03:29:25.176784523,620,E,a1,b6,c3
2020-01-03 06:38:39.946631088,390,,a1,b6,c3
2020-01-03 09:47:54.716477652,951,H,a4,b2,c4
2020-01-03 12:57:09.486324216,257,,a3,b5,c1
2020-01-03 16:06:24.256170781,1184,G,a4,b3,c0
2020-01-03 19:15:39.026017345,1130,,a2,b4,c1
2020-01-03 22:24:53.795863910,1444,,a2,b5,c2
2020-01-04 01:34:08.565710474,779,G,a2,b0,c3
2020-01-04 04:43:23.335557038,227,E,a2,b2,c1
2020-01-04 07:52:38.105403603,300,F,a3,b4,c4
2020-01-04 11:01:52.875250167,1050,G,a0,b5,c1
2020-01-04 14:11:07.645096731,127,G,a4,b6,c0
2020-01-04 17:20:22.414943296,646,H,a0,b4,c0
2020-01-04 20:29:37.184789860,1496,H,a0,b4,c3
2020-01-04 23:38:51.954636425,571,H,a2,b3,c0
2020-01-05 02:48:06.724482989,507,H,a0,b5,c2
2020-01-05 05:57:21.494329553,1239,G,a1,b3,c1
2020-01-05 09:06:36.264176118,1314,,a0,b4,c0
2020-01-05 12:15:51.034022682,76,E,a4,b4,c3
2020-01-05 15:25:05.803869246,583,G,a4,b6,c1
2020-01-05 18:34:20.573715811,770,H,a1,b5,c5
2020-01-05 21:43:35.343562375,1450,,a4,b4,c5
2020-01-06 00:52:50.113408940,522,H,a1,b4,c1
2020-01-06 04:02:04.883255504,10,F,a3,b5,c3
2020-01-06 07:11:19.653102068,515,,a4,b5,c0
2020-01-06 10:20:34.422948633,26,E,a4,b6,c4
2020-01-06 13:29:49.192795197,1484,H,a0,b0,c5
2020-01-06 16:39:03.962641761,1289,D,a2,b6,c0
2020-01-06 19:48:18.732488326,616,E,a4,b3,c2
2020-01-06 22:57:33.502334890,219,H,a1,b1,c1
2020-01-07 02:06:48.272181455,1063,H,a2,b4,c3
2020-01-07 05:16:03.042028019,281,,a3,b4,c0
2020-01-07 08:25:17.811874583,1439,,a0,b4,c3
2020-01-07 11:34:32.581721148,590,G,a3,b4,c3
2020-01-07 14:43:47.351567712,130,E,a1,b4,c2
2020-01-07 17:53:02.121414276,158,,a4,b4,c2
2020-01-07 21:02:16.891260841,740,,a1,b6,c1
2020-01-08 00:11:31.661107405,733,,a3,b6,c3
2020-01-08 03:20:46.430953970,70,F,a4,b5,c2
2020-01-08 06:30:01.200800534,324,H,a1,b0,c3
2020-01-08 09:39:15.970647098,510,,a3,b6,c0
2020-01-08 12:48:30.740493663,1424,H,a3,b4,c2
2020-01-08 15:57:45.510340227,418,,a4,b2,c5
2020-01-08 19:07:00.280186792,1366,,a0,b2,c4
2020-01-08 22:16:15.050033356,29,,a3,b4,c5
2020-01-09 01:25:29.819879920,617,G,a2,b4,c0
2020-01-09 04:34:44.589726485,784,,a1,b3,c4
2020-01-09 07:43:59.359573049,328,,a0,b2,c2
2020-01-09 10:53:14.129419613,1427,,a1,b4,c1
2020-01-09 14:02:28.899266178,81,,a0,b4,c3
2020-01-09 17:11:43.669112742,927,G,a2,b3,c3
2020-01-09 20:20:58.438959307,1394,G,a3,b6,c3
2020-01-09 23:30:13.208805871,1324,G,a3,b2,c4
2020-01-10 02:39:27.978652435,381,H,a2,b5,c2
2020-01-10 05:48:42.748499000,655,G,a2,b5,c3
2020-01-10 08:57:57.518345564,143,F,a2,b0,c3
2020-01-10 12:07:12.288192128,742,,a1,b0,c0
2020-01-10 15:16:27.058038693,178,G,a4,b3,c3
2020-01-10 18:25:41.827885257,1355,,a0,b5,c0
2020-01-10 21:34:56.597731822,99,G,a4,b6,c2
2020-01-11 00:44:11.367578386,859,,a1,b5,c5
2020-01-11 03:53:26.137424950,1107,,a4,b4,c2
2020-01-11 07:02:40.907271515,1323,,a4,b4,c4
2020-01-11 10:11:55.677118079,916,H,a0,b5,c3
2020-01-11 13:21:10.446964643,630,F,a1,b5,c0
2020-01-11 16:30:25.216811208,182,H,a2,b3,c2
2020-01-11 19:39:39.986657772,1006,H,a0,b3,c5
2020-01-11 22:48:54.756504337,924,G,a1,b2,c3
2020-01-12 01:58:09.526350901,1072,G,a2,b4,c5
2020-01-12 05:07:24.296197465,1032,,a4,b4,c0
2020-01-12 08:16:39.066044030,35,H,a1,b3,c0
2020-01-12 11:25:53.835890594,1363,,a1,b3,c4
2020-01-12 14:35:08.605737158,1281,G,a2,b6,c0
2020-01-12 17:44:23.375583723,626,H,a4,b3,c5
2020-01-12 20:53:38.145430287,75,H,a0,b2,c1
2020-01-13 00:02:52.915276852,1462,H,a1,b6,c5
2020-01-13 03:12:07.685123416,519,,a3,b6,c4
2020-01-13 06:21:22.454969980,908,G,a2,b3,c3
2020-01-13 09:30:37.224816545,828,H,a2,b5,c2
2020-01-13 12:39:51.994663109,679,D,a2,b5,c0
2020-01-13 15:49:06.764509673,1171,F,a2,b3,c4
2020-01-13 18:58:21.534356238,1017,,a4,b4,c4
2020-01-13 22:07:36.304202802,521,,a0,b4,c5
2020-01-14 01:16:51.074049367,743,F,a1,b5,c3
2020-01-14 04:26:05.843895931,1256,D,a2,b5,c0
2020-01-14 07:35:20.613742495,274,D,a1,b3,c4
2020-01-14 10:44:35.383589060,48,,a4,b6,c2
2020-01-14 13:53:50.153435624,1216,H,a3,b6,c2
2020-01-14 17:03:04.923282188,393,,a3,b6,c3
2020-01-14 20:12:19.693128753,1348,E,a4,b0,c3
2020-01-14 23:21:34.462975317,327,F,a2,b2,c1
2020-01-15 02:30:49.232821882,1330,G,a2,b3,c4
2020-01-15 05:40:04.002668446,1211,H,a1,b6,c3
2020-01-15 08:49:18.772515010,1490,E,a0,b5,c2
2020-01-15 11:58:33.542361575,786,H,a1,b6,c1
2020-01-15 15:07:48.312208139,1030,H,a2,b5,c2
2020-01-15 18:17:03.082054703,872,,a1,b6,c1
2020-01-15 21:26:17.851901268,25,F,a2,b5,c2
2020-01-16 00:35:32.621747832,150,,a4,b6,c4
2020-01-16 03:44:47.391594397,255,,a0,b2,c2
2020-01-16 06:54:02.161440961,634,F,a1,b3,c1
2020-01-16 10:03:16.931287525,1243,F,a0,b5,c3
2020-01-16 13:12:31.701134090,534,G,a2,b6,c4
2020-01-16 16:21:46.470980654,1181,,a2,b3,c1
2020-01-16 19:31:01.240827219,1365,H,a2,b6,c4
2020-01-16 22:40:16.010673783,1012,G,a4,b5,c1
2020-01-17 01:49:30.780520347,1156,H,a2,b5,c1
2020-01-17 04:58:45.550366912,1321,,a3,b4,c5
2020-01-17 08:08:00.320213476,1240,,a0,b4,c3
2020-01-17 11:17:15.090060040,122,F,a3,b1,c2
2020-01-17 14:26:29.859906605,861,F,a0,b2,c5
2020-01-17 17:35:44.629753169,1373,,a0,b1,c3
2020-01-17 20:44:59.399599734,795,G,a1,b5,c2
2020-01-17 23:54:14.169446298,1092,G,a2,b6,c4
2020-01-18 03:03:28.939292862,41,,a4,b3,c4
2020-01-18 06:12:43.709139427,1297,G,a3,b3,c4
2020-01-18 09:21:58.478985991,18,,a0,b6,c0
2020-01-18 12:31:13.248832555,1492,G,a0,b4,c1
2020-01-18 15:40:28.018679120,1174,,a0,b5,c3
2020-01-18 18:49:42.788525684,1331,F,a0,b6,c1
2020-01-18 21:58:57.558372249,1120,E,a0,b6,c3
2020-01-19 01:08:12.328218813,947,,a4,b5,c4
2020-01-19 04:17:27.098065377,275,H,a3,b6,c0
2020-01-19 07:26:41.867911942,785,H,a3,b1,c0
2020-01-19 10:35:56.637758506,176,G,a3,b1,c4
2020-01-19 13:45:11.407605070,791,E,a3,b5,c0
2020-01-19 16:54:26.177451635,954,G,a1,b3,c3
2020-01-19 20:03:40.947298199,352,,a0,b5,c5
2020-01-19 23:12:55.717144764,862,H,a1,b1,c3
2020-01-20 02:22:10.486991328,111,,a0,b5,c3
2020-01-20 05:31:25.256837892,569,E,a3,b3,c3
2020-01-20 08:40:40.026684457,1423,,a0,b6,c3
2020-01-20 11:49:54.796531021,1076,,a1,b6,c5
2020-01-20 14:59:09.566377585,1237,,a4,b2,c0
2020-01-20 18:08:24.336224150,1061,H,a3,b6,c5
2020-01-20 21:17:39.106070714,248,,a0,b3,c2
2020-01-21 00:26:53.875917279,692,F,a1,b3,c2
2020-01-21 03:36:08.645763843,642,F,a4,b5,c5
2020-01-21 06:45:23.415610407,268,,a2,b6,c1
2020-01-21 09:54:38.185456972,1018,D,a0,b6,c3
2020-01-21 13:03:52.955303536,1390,G,a4,b3,c3
2020-01-21 16:13:07.725150100,533,G,a4,b1,c4
2020-01-21 19:22:22.494996665,535,,a2,b5,c3
2020-01-21 22:31:37.264843229,1164,,a1,b6,c3
2020-01-22 01:40:52.034689794,276,G,a4,b3,c1
2020-01-22 04:50:06.804536358,1287,H,a4,b5,c5
2020-01-22 07:59:21.574382922,345,,a2,b1,c5
2020-01-22 11:08:36.344229487,361,F,a0,b1,c3
2020-01-22 14:17:51.114076051,1299,F,a3,b6,c2
2020-01-22 17:27:05.883922615,1293,E,a0,b5,c0
2020-01-22 20:36:20.653769180,1129,,a0,b3,c4
2020-01-22 23:45:35.423615744,52,H,a0,b5,c5
2020-01-23 02:54:50.193462309,212,F,a1,b1,c0
2020-01-23 06:04:04.963308873,252,G,a4,b0,c0
2020-01-23 09:13:19.733155437,974,F,a3,b6,c0
2020-01-23 12:22:34.503002002,806,,a0,b6,c3
2020-01-23 15:31:49.272848566,1175,,a2,b6,c0
2020-01-23 18:41:04.042695130,673,H,a1,b4,c5
2020-01-23 21:50:18.812541695,989,,a3,b6,c0
2020-01-24 00:59:33.582388259,379,G,a4,b6,c0
2020-01-24 04:08:48.352234824,756,G,a3,b5,c1
2020-01-24 07:18:03.122081388,308,,a2,b0,c0
2020-01-24 10:27:17.891927952,339,F,a3,b5,c5
2020-01-24 13:36:32.661774517,922,F,a0,b6,c0
2020-01-24 16:45:47.431621081,865,H,a0,b5,c1
2020-01-24 19:55:02.201467646,874,H,a4,b5,c0
2020-01-24 23:04:16.971314210,1360,H,a2,b5,c1
2020-01-25 02:13:31.741160774,574,,a0,b5,c4
2020-01-25 05:22:46.511007339,993,F,a4,b3,c3
2020-01-25 08:32:01.280853903,890,,a0,b6,c1
2020-01-25 11:41:16.050700467,982,,a1,b6,c3
2020-01-25 14:50:30.820547032,738,H,a1,b4,c4
2020-01-25 17:59:45.590393596,472,,a2,b0,c5
2020-01-25 21:09:00.360240161,59,G,a3,b6,c3
2020-01-26 00:18:15.130086725,638,,a4,b6,c4
2020-01-26 03:27:29.899933289,190,H,a4,b3,c5
2020-01-26 06:36:44.669779854,224,E,a2,b5,c4
2020-01-26 09:45:59.439626418,79,F,a2,b6,c3
2020-01-26 12:55:14.209472982,1088,H,a4,b6,c4
2020-01-26 16:04:28.979319547,1078,G,a2,b5,c3
2020-01-26 19:13:43.749166111,558,F,a0,b5,c3
2020-01-26 22:22:58.519012676,1177,G,a2,b6,c0
2020-01-27 01:32:13.288859240,112,,a1,b5,c4
2020-01-27 04:41:28.058705804,49,F,a1,b5,c3
2020-01-27 07:50:42.828552369,894,H,a1,b1,c2
2020-01-27 10:59:57.598398933,1024,E,a4,b6,c1
2020-01-27 14:09:12.368245497,541,,a2,b4,c4
2020-01-27 17:18:27.138092062,13,E,a1,b5,c1
2020-01-27 20:27:41.907938626,1447,F,a4,b2,c0
2020-01-27 23:36:56.677785191,487,H,a4,b6,c4
2020-01-28 02:46:11.447631755,619,,a4,b6,c4
2020-01-28 05:55:26.217478319,192,F,a1,b6,c2
2020-01-28 09:04:40.987324884,1335,,a1,b6,c2
2020-01-28 12:13:55.757171448,803,E,a3,b3,c5
2020-01-28 15:23:10.527018012,536,,a1,b4,c0
2020-01-28 18:32:25.296864577,120,H,a1,b5,c3
2020-01-28 21:41:40.066711141,1016,F,a4,b3,c4
2020-01-29 00:50:54.836557706,1442,G,a3,b4,c5
2020-01-29 04:00:09.606404270,1414,,a4,b3,c1
2020-01-29 07:09:24.376250834,1014,F,a2,b6,c4
2020-01-29 10:18:39.146097399,1253,,a3,b6,c3
2020-01-29 13:27:53.915943963,661,E,a2,b3,c1
2020-01-29 16:37:08.685790527,707,D,a2,b0,c5
2020-01-29 19:46:23.455637092,65,H,a0,b0,c5
2020-01-29 22:55:38.225483656,1252,,a2,b0,c3
2020-01-30 02:04:52.995330221,1033,,a3,b4,c1
2020-01-30 05:14:07.765176785,1409,G,a1,b4,c4
2020-01-30 08:23:22.535023349,1206,,a4,b6,c0
2020-01-30 11:32:37.304869914,485,H,a4,b6,c1
2020-01-30 14:41:52.074716478,329,E,a2,b6,c4
2020-01-30 17:51:06.844563042,849,G,a4,b2,c5
2020-01-30 21:00:21.614409607,1208,H,a2,b5,c5
2020-01-31 00:09:36.384256171,125,G,a0,b6,c4
2020-01-31 03:18:51.154102736,21,,a2,b6,c5
2020-01-31 06:28:05.923949300,445,G,a0,b2,c0
2020-01-31 09:37:20.693795864,631,,a2,b0,c3
2020-01-31 12:46:35.463642429,913,,a3,b1,c2
2020-01-31 15:55:50.233488993,1273,H,a0,b6,c1
2020-01-31 19:05:05.003335557,78,,a1,b5,c2
2020-01-31 22:14:19.773182122,1392,,a4,b4,c0
2020-02-01 01:23:34.543028686,31,G,a4,b6,c4
2020-02-01 04:32:49.312875251,1245,H,a0,b2,c5
2020-02-01 07:42:04.082721815,674,G,a4,b3,c5
2020-02-01 10:51:18.852568379,824,H,a2,b5,c1
2020-02-01 14:00:33.622414944,27,G,a2,b6,c1
2020-02-01 17:09:48.392261508,672,D,a3,b4,c3
2020-02-01 20:19:03.162108072,146,,a0,b5,c2
2020-02-01 23:28:17.931954637,972,G,a1,b4,c1
2020-02-02 02:37:32.701801201,1461,,a1,b6,c4
2020-02-02 05:46:47.471647766,813,,a3,b6,c3
2020-02-02 08:56:02.241494330,623,H,a3,b1,c0
2020-02-02 12:05:17.011340894,91,,a0,b5,c0
2020-02-02 15:14:31.781187459,601,G,a2,b4,c2
2020-02-02 18:23:46.551034023,856,H,a0,b5,c3
2020-02-02 21:33:01.320880588,1135,D,a4,b6,c5
2020-02-03 00:42:16.090727152,505,,a0,b6,c1
2020-02-03 03:51:30.860573716,1,H,a1,b2,c1
2020-02-03 07:00:45.630420281,805,D,a3,b6,c2
2020-02-03 10:10:00.400266845,62,H,a2,b5,c4
2020-02-03 13:19:15.170113409,338,,a0,b2,c0
2020-02-03 16:28:29.939959974,357,G,a3,b6,c5
2020-02-03 19:37:44.709806538,1404,,a0,b5,c1
2020-02-03 22:46:59.479653103,1286,F,a2,b3,c0
2020-02-04 01:56:14.249499667,423,F,a4,b5,c0
2020-02-04 05:05:29.019346231,1150,F,a3,b1,c3
2020-02-04 08:14:43.789192796,1344,G,a1,b4,c1
2020-02-04 11:23:58.559039360,934,H,a1,b3,c4
2020-02-04 14:33:13.328885924,334,,a3,b4,c2
2020-02-04 17:42:28.098732489,319,F,a2,b2,c4
2020-02-04 20:51:42.868579053,263,,a2,b3,c1
2020-02-05 00:00:57.638425618,220,E,a4,b4,c3
2020-02-05 03:10:12.408272182,1377,F,a3,b4,c2
2020-02-05 06:19:27.178118746,149,H,a0,b6,c5
2020-02-05 09:28:41.947965311,607,H,a3,b2,c5
2020-02-05 12:37:56.717811875,1391,G,a4,b3,c3
2020-02-05 15:47:11.487658439,844,E,a1,b6,c1
2020-02-05 18:56:26.257505004,72,F,a4,b2,c1
2020-02-05 22:05:41.027351568,1080,,a2,b6,c1
2020-02-06 01:14:55.797198133,930,G,a4,b5,c2
2020-02-06 04:24:10.567044697,260,H,a3,b5,c4
2020-02-06 07:33:25.336891261,556,,a2,b2,c3
2020-02-06 10:42:40.106737826,1108,,a3,b0,c3
2020-02-06 13:51:54.876584390,693,,a4,b6,c1
2020-02-06 17:01:09.646430954,1296,,a0,b6,c2
2020-02-06 20:10:24.416277519,12,F,a0,b3,c5
2020-02-06 23:19:39.186124083,804,F,a4,b6,c3
2020-02-07 02:28:53.955970648,1157,,a4,b5,c5
2020-02-07 05:38:08.725817212,431,G,a4,b4,c1
2020-02-07 08:47:23.495663776,906,E,a4,b3,c0
2020-02-07 11:56:38.265510341,495,E,a4,b4,c4
2020-02-07 15:05:53.035356905,1089,H,a4,b6,c3
2020-02-07 18:15:07.805203469,138,,a3,b2,c2
2020-02-07 21:24:22.575050034,1400,H,a3,b6,c5
2020-02-08 00:33:37.344896598,1144,,a2,b6,c2
2020-02-08 03:42:52.114743163,704,,a0,b4,c1
2020-02-08 06:52:06.884589727,277,,a2,b3,c5
2020-02-08 10:01:21.654436291,1332,G,a4,b5,c3
2020-02-08 13:10:36.424282856,387,E,a3,b6,c1
2020-02-08 16:19:51.194129420,1124,H,a3,b6,c3
2020-02-08 19:29:05.963975984,921,E,a4,b2,c3
2020-02-08 22:38:20.733822549,608,G,a1,b6,c0
2020-02-09 01:47:35.503669113,1191,E,a1,b5,c0
2020-02-09 04:56:50.273515678,1270,D,a1,b4,c1
2020-02-09 08:06:05.043362242,69,G,a4,b1,c5
2020-02-09 11:15:19.813208806,1134,G,a4,b4,c0
2020-02-09 14:24:34.583055371,575,F,a2,b6,c2
2020-02-09 17:33:49.352901935,942,,a0,b3,c0
2020-02-09 20:43:04.122748499,1309,,a1,b4,c1
2020-02-09 23:52:18.892595064,1401,G,a0,b6,c2
2020-02-10 03:01:33.662441628,637,H,a1,b2,c4
2020-02-10 06:10:48.432288193,302,H,a1,b5,c4
2020-02-10 09:20:03.202134757,403,H,a0,b4,c0
2020-02-10 12:29:17.971981321,1212,F,a2,b4,c1
2020-02-10 15:38:32.741827886,509,H,a4,b4,c2
2020-02-10 18:47:47.511674450,1123,D,a1,b5,c4
2020-02-10 21:57:02.281521015,953,E,a4,b6,c2
2020-02-11 01:06:17.051367579,1255,G,a2,b5,c1
2020-02-11 04:15:31.821214143,523,D,a4,b3,c3
2020-02-11 07:24:46.591060708,1000,D,a2,b5,c0
2020-02-11 10:34:01.360907272,421,H,a1,b3,c2
2020-02-11 13:43:16.130753836,801,,a1,b6,c3
2020-02-11 16:52:30.900600401,739,,a1,b2,c0
2020-02-11 20:01:45.670446965,773,G,a4,b6,c3
2020-02-11 23:11:00.440293530,1163,H,a1,b5,c5
2020-02-12 02:20:15.210140094,1069,,a3,b6,c3
2020-02-12 05:29:29.979986658,359,,a1,b5,c2
2020-02-12 08:38:44.749833223,1276,D,a4,b4,c1
2020-02-12 11:47:59.519679787,301,,a4,b3,c2
2020-02-12 14:57:14.289526351,233,,a1,b6,c3
2020-02-12 18:06:29.059372916,1132,E,a3,b1,c1
2020-02-12 21:15:43.829219480,437,,a4,b4,c5
2020-02-13 00:24:58.599066045,141,E,a3,b3,c3
2020-02-13 03:34:13.368912609,1254,H,a4,b2,c0
2020-02-13 06:43:28.138759173,985,E,a3,b5,c3
2020-02-13 09:52:42.908605738,783,E,a1,b6,c5
2020-02-13 13:01:57.678452302,676,F,a4,b1,c1
2020-02-13 16:11:12.448298866,709,G,a2,b5,c2
2020-02-13 19:20:27.218145431,460,E,a3,b3,c2
2020-02-13 22:29:41.987991995,188,F,a2,b6,c4
2020-02-14 01:38:56.757838560,848,,a3,b2,c5
2020-02-14 04:48:11.527685124,291,F,a2,b6,c1
2020-02-14 07:57:26.297531688,741,G,a4,b5,c0
2020-02-14 11:06:41.067378253,105,F,a0,b5,c3
2020-02-14 14:15:55.837224817,517,H,a3,b5,c1
2020-02-14 17:25:10.607071381,823,F,a1,b4,c1
2020-02-14 20:34:25.376917946,1386,G,a0,b6,c5
2020-02-14 23:43:40.146764510,1083,F,a1,b3,c5
2020-02-15 02:52:54.916611075,891,E,a2,b0,c1
2020-02-15 06:02:09.686457639,250,,a0,b4,c3
2020-02-15 09:11:24.456304203,703,G,a0,b6,c0
2020-02-15 12:20:39.226150768,996,,a4,b1,c3
2020-02-15 15:29:53.995997332,611,H,a2,b6,c4
2020-02-15 18:39:08.765843896,1121,H,a1,b6,c4
2020-02-15 21:48:23.535690461,896,,a4,b4,c5
2020-02-16 00:57:38.305537025,1284,H,a4,b0,c0
2020-02-16 04:06:53.075383590,1371,F,a3,b0,c4
2020-02-16 07:16:07.845230154,613,G,a2,b4,c0
2020-02-16 10:25:22.615076718,750,,a4,b6,c3
2020-02-16 13:34:37.384923283,202,G,a3,b4,c4
2020-02-16 16:43:52.154769847,1046,H,a2,b2,c4
2020-02-16 19:53:06.924616411,279,H,a0,b6,c0
2020-02-16 23:02:21.694462976,539,,a4,b0,c5
2020-02-17 02:11:36.464309540,1176,G,a4,b5,c2
2020-02-17 05:20:51.234156105,394,G,a1,b5,c2
2020-02-17 08:30:06.004002669,318,,a3,b6,c0
2020-02-17 11:39:20.773849233,1201,G,a2,b5,c2
2020-02-17 14:48:35.543695798,266,D,a3,b3,c3
2020-02-17 17:57:50.313542362,213,H,a0,b3,c4
2020-02-17 21:07:05.083388926,1106,,a2,b0,c4
2020-02-18 00:16:19.853235491,800,F,a2,b6,c1
2020-02-18 03:25:34.623082055,1329,E,a3,b3,c1
2020-02-18 06:34:49.392928620,476,H,a2,b6,c4
2020-02-18 09:44:04.162775184,139,,a3,b2,c1
2020-02-18 12:53:18.932621748,1054,,a4,b4,c1
2020-02-18 16:02:33.702468313,875,H,a2,b3,c3
2020-02-18 19:11:48.472314877,238,G,a3,b2,c0
2020-02-18 22:21:03.242161442,404,,a1,b2,c5
2020-02-19 01:30:18.012008006,1225,,a1,b6,c2
2020-02-19 04:39:32.781854570,1476,G,a1,b6,c1
2020-02-19 07:48:47.551701135,606,H,a0,b2,c0
2020-02-19 10:58:02.321547699,1471,F,a3,b5,c5
2020-02-19 14:07:17.091394263,1259,,a2,b5,c1
2020-02-19 17:16:31.861240828,1446,H,a3,b6,c0
2020-02-19 20:25:46.631087392,1337,H,a3,b6,c4
2020-02-19 23:35:01.400933957,44,H,a0,b6,c2
2020-02-20 02:44:16.170780521,433,,a4,b4,c3
2020-02-20 05:53:30.940627085,1479,,a1,b6,c2
2020-02-20 09:02:45.710473650,1079,G,a4,b4,c4
2020-02-20 12:12:00.480320214,1037,G,a4,b3,c3
2020-02-20 15:21:15.250166778,543,G,a1,b6,c5
2020-02-20 18:30:30.020013343,1494,H,a1,b4,c1
2020-02-20 21:39:44.789859907,1315,D,a3,b6,c5
2020-02-21 00:48:59.559706472,458,D,a3,b4,c2
2020-02-21 03:58:14.329553036,1186,,a3,b4,c4
2020-02-21 07:07:29.099399600,1291,E,a0,b5,c3
2020-02-21 10:16:43.869246165,1452,H,a1,b4,c0
2020-02-21 13:25:58.639092729,1074,,a1,b6,c4
2020-02-21 16:35:13.408939293,768,G,a3,b2,c1
2020-02-21 19:44:28.178785858,402,,a1,b1,c1
2020-02-21 22:53:42.948632422,648,H,a3,b3,c1
2020-02-22 02:02:57.718478987,367,,a1,b3,c4
2020-02-22 05:12:12.488325551,1283,D,a3,b3,c5
2020-02-22 08:21:27.258172116,181,,a2,b3,c4
2020-02-22 11:30:42.028018680,845,H,a4,b6,c2
2020-02-22 14:39:56.797865244,1034,H,a0,b1,c1
2020-02-22 17:49:11.567711808,1114,,a2,b4,c3
2020-02-22 20:58:26.337558372,1320,,a3,b1,c1
2020-02-23 00:07:41.107404938,780,,a3,b0,c3
2020-02-23 03:16:55.877251502,1340,,a0,b5,c1
2020-02-23 06:26:10.647098066,1266,G,a4,b4,c5
2020-02-23 09:35:25.416944630,86,G,a0,b3,c2
2020-02-23 12:44:40.186791194,442,E,a2,b3,c0
2020-02-23 15:53:54.956637760,912,H,a1,b4,c1
2020-02-23 19:03:09.726484324,454,F,a4,b3,c3
2020-02-23 22:12:24.496330888,1197,,a3,b6,c4
2020-02-24 01:21:39.266177452,564,H,a3,b4,c1
2020-02-24 04:30:54.036024016,1333,D,a1,b5,c5
2020-02-24 07:40:08.805870580,717,G,a0,b2,c1
2020-02-24 10:49:23.575717146,1209,E,a2,b3,c4
2020-02-24 13:58:38.345563710,96,,a1,b4,c0
2020-02-24 17:07:53.115410274,457,,a2,b4,c1
2020-02-24 20:17:07.885256838,690,E,a1,b4,c2
2020-02-24 23:26:22.655103402,285,D,a1,b4,c0
2020-02-25 02:35:37.424949968,295,,a4,b4,c2
2020-02-25 05:44:52.194796532,737,H,a1,b4,c2
2020-02-25 08:54:06.964643096,1481,G,a2,b6,c0
2020-02-25 12:03:21.734489660,1196,H,a2,b5,c1
2020-02-25 15:12:36.504336224,592,H,a1,b4,c4
2020-02-25 18:21:51.274182790,867,H,a0,b1,c5
2020-02-25 21:31:06.044029354,343,F,a4,b6,c1
2020-02-26 00:40:20.813875918,929,F,a1,b2,c5
2020-02-26 03:49:35.583722482,206,H,a3,b5,c2
2020-02-26 06:58:50.353569046,1417,,a2,b6,c3
2020-02-26 10:08:05.123415610,131,H,a3,b3,c1
2020-02-26 13:17:19.893262176,315,,a2,b6,c2
2020-02-26 16:26:34.663108740,957,E,a3,b2,c0
2020-02-26 19:35:49.432955304,846,H,a4,b6,c1
2020-02-26 22:45:04.202801868,966,E,a1,b6,c0
2020-02-27 01:54:18.972648432,424,G,a1,b3,c0
2020-02-27 05:03:33.742494998,397,E,a4,b5,c4
2020-02-27 08:12:48.512341562,843,H,a3,b6,c2
2020-02-27 11:22:03.282188126,540,,a1,b6,c3
2020-02-27 14:31:18.052034690,1153,H,a2,b3,c5
2020-02-27 17:40:32.821881254,840,H,a2,b5,c2
2020-02-27 20:49:47.591727820,1128,,a2,b6,c1
2020-02-27 23:59:02.361574384,411,H,a0,b5,c2
2020-02-28 03:08:17.131420948,899,G,a4,b3,c0
2020-02-28 06:17:31.901267512,562,,a3,b4,c5
2020-02-28 09:26:46.671114076,17,H,a0,b0,c5
2020-02-28 12:36:01.440960642,1195,F,a2,b4,c3
2020-02-28 15:45:16.210807206,313,H,a4,b4,c2
2020-02-28 18:54:30.980653770,1200,,a2,b4,c4
2020-02-28 22:03:45.750500334,643,E,a1,b6,c1
2020-02-29 01:13:00.520346898,1258,,a2,b6,c2
2020-02-29 04:22:15.290193462,588,F,a2,b6,c2
2020-02-29 07:31:30.060040028,577,G,a4,b6,c1
2020-02-29 10:40:44.829886592,1290,G,a3,b3,c0
2020-02-29 13:49:59.599733156,561,,a2,b5,c4
2020-02-29 16:59:14.369579720,1403,,a1,b6,c5
2020-02-29 20:08:29.139426284,344,F,a3,b5,c5
2020-02-29 23:17:43.909272850,209,G,a2,b0,c3
2020-03-01 02:26:58.679119414,767,F,a2,b5,c1
2020-03-01 05:36:13.448965978,117,H,a0,b3,c4
2020-03-01 08:45:28.218812542,1172,F,a3,b4,c5
2020-03-01 11:54:42.988659106,956,,a1,b6,c2
2020-03-01 15:03:57.758505672,926,,a1,b4,c2
2020-03-01 18:13:12.528352236,732,H,a3,b4,c4
2020-03-01 21:22:27.298198800,973,D,a2,b4,c1
2020-03-02 00:31:42.068045364,753,,a3,b5,c3
2020-03-02 03:40:56.837891928,826,,a1,b3,c3
2020-03-02 06:50:11.607738492,1041,,a1,b4,c1
2020-03-02 09:59:26.377585058,686,F,a3,b3,c2
2020-03-02 13:08:41.147431622,332,G,a2,b4,c1
2020-03-02 16:17:55.917278186,1318,F,a2,b6,c4
2020-03-02 19:27:10.687124750,310,G,a3,b5,c5
2020-03-02 22:36:25.456971314,508,E,a3,b4,c5
2020-03-03 01:45:40.226817880,1185,G,a2,b4,c2
2020-03-03 04:54:54.996664444,15,F,a4,b1,c2
2020-03-03 08:04:09.766511008,788,G,a4,b6,c3
2020-03-03 11:13:24.536357572,1020,F,a3,b5,c0
2020-03-03 14:22:39.306204136,649,,a1,b6,c2
2020-03-03 17:31:54.076050702,61,F,a2,b0,c1
2020-03-03 20:41:08.845897266,1118,E,a0,b5,c4
2020-03-03 23:50:23.615743830,1399,,a2,b4,c2
2020-03-04 02:59:38.385590394,1125,G,a2,b6,c1
2020-03-04 06:08:53.155436958,1022,F,a3,b6,c1
2020-03-04 09:18:07.925283522,986,G,a1,b6,c1
2020-03-04 12:27:22.695130088,51,,a2,b1,c1
2020-03-04 15:36:37.464976652,857,H,a4,b2,c3
2020-03-04 18:45:52.234823216,392,,a2,b6,c0
2020-03-04 21:55:07.004669780,1190,G,a3,b2,c5
2020-03-05 01:04:21.774516344,428,G,a4,b3,c0
2020-03-05 04:13:36.544362910,326,,a2,b6,c5
2020-03-05 07:22:51.314209474,167,H,a4,b5,c4
2020-03-05 10:32:06.084056038,1194,,a2,b6,c0
2020-03-05 13:41:20.853902602,1485,,a0,b6,c0
2020-03-05 16:50:35.623749166,758,E,a0,b3,c5
2020-03-05 19:59:50.393595732,73,G,a3,b4,c4
2020-03-05 23:09:05.163442296,309,E,a2,b2,c2
2020-03-06 02:18:19.933288860,47,H,a4,b6,c0
2020-03-06 05:27:34.703135424,744,,a0,b4,c5
2020-03-06 08:36:49.472981988,1464,F,a1,b6,c3
2020-03-06 11:46:04.242828552,34,,a4,b6,c1
2020-03-06 14:55:19.012675118,761,G,a3,b0,c1
2020-03-06 18:04:33.782521682,1031,,a0,b3,c4
2020-03-06 21:13:48.552368246,1087,,a0,b4,c2
2020-03-07 00:23:03.322214810,618,H,a4,b5,c2
2020-03-07 03:32:18.092061374,280,,a1,b6,c3
2020-03-07 06:41:32.861907940,1388,D,a3,b3,c0
2020-03-07 09:50:47.631754504,239,G,a1,b6,c0
2020-03-07 13:00:02.401601068,771,H,a2,b4,c5
2020-03-07 16:09:17.171447632,152,G,a4,b1,c5
2020-03-07 19:18:31.941294196,873,,a0,b6,c5
2020-03-07 22:27:46.711140762,373,G,a0,b2,c0
2020-03-08 01:37:01.480987326,914,G,a1,b3,c4
2020-03-08 04:46:16.250833890,0,G,a0,b5,c0
2020-03-08 07:55:31.020680454,218,H,a2,b4,c5
2020-03-08 11:04:45.790527018,1217,H,a2,b3,c3
2020-03-08 14:14:00.560373584,447,,a4,b2,c2
2020-03-08 17:23:15.330220148,441,D,a3,b5,c1
2020-03-08 20:32:30.100066712,450,,a4,b1,c1
2020-03-08 23:41:44.869913276,439,H,a4,b3,c0
2020-03-09 02:50:59.639759840,1102,G,a2,b2,c0
2020-03-09 06:00:14.409606404,514,E,a3,b4,c5
2020-03-09 09:09:29.179452970,409,,a0,b6,c2
2020-03-09 12:18:43.949299534,830,F,a2,b1,c2
2020-03-09 15:27:58.719146098,1387,,a0,b2,c5
2020-03-09 18:37:13.488992662,1138,F,a4,b1,c3
2020-03-09 21:46:28.258839226,292,F,a1,b6,c1
2020-03-10 00:55:43.028685792,1362,,a1,b4,c3
2020-03-10 04:04:57.798532356,1429,F,a3,b6,c0
2020-03-10 07:14:12.568378920,375,,a0,b4,c2
2020-03-10 10:23:27.338225484,815,G,a2,b6,c4
2020-03-10 13:32:42.108072048,434,G,a1,b5,c0
2020-03-10 16:41:56.877918614,594,D,a3,b2,c4
2020-03-10 19:51:11.647765178,919,H,a1,b4,c5
2020-03-10 23:00:26.417611742,110,G,a0,b6,c5
2020-03-11 02:09:41.187458306,231,F,a3,b6,c5
2020-03-11 05:18:55.957304870,700,F,a4,b0,c3
2020-03-11 08:28:10.727151434,724,G,a4,b6,c5
2020-03-11 11:37:25.496998000,960,,a1,b4,c3
2020-03-11 14:46:40.266844564,656,G,a2,b4,c0
2020-03-11 17:55:55.036691128,1271,,a0,b6,c5
2020-03-11 21:05:09.806537692,793,,a1,b6,c0
2020-03-12 00:14:24.576384256,471,F,a4,b0,c2
2020-03-12 03:23:39.346230822,1139,,a2,b1,c3
2020-03-12 06:32:54.116077386,316,H,a0,b6,c0
2020-03-12 09:42:08.885923950,383,,a1,b3,c3
2020-03-12 12:51:23.655770514,1065,G,a4,b5,c3
2020-03-12 16:00:38.425617078,1346,,a4,b3,c2
2020-03-12 19:09:53.195463644,1460,,a3,b4,c5
2020-03-12 22:19:07.965310208,133,G,a2,b4,c3
2020-03-13 01:28:22.735156772,790,H,a3,b1,c5
2020-03-13 04:37:37.505003336,419,,a3,b4,c4
2020-03-13 07:46:52.274849900,293,E,a2,b3,c4
2020-03-13 10:56:07.044696464,368,G,a1,b6,c4
2020-03-13 14:05:21.814543030,1007,H,a4,b6,c5
2020-03-13 17:14:36.584389594,632,E,a0,b6,c5
2020-03-13 20:23:51.354236158,88,H,a2,b3,c1
2020-03-13 23:33:06.124082722,549,H,a4,b3,c0
2020-03-14 02:42:20.893929286,1094,G,a3,b6,c4
2020-03-14 05:51:35.663775852,401,,a4,b6,c0
2020-03-14 09:00:50.433622416,586,H,a2,b6,c2
2020-03-14 12:10:05.203468980,1469,F,a1,b5,c0
2020-03-14 15:19:19.973315544,680,F,a4,b2,c3
2020-03-14 18:28:34.743162108,1472,H,a2,b5,c2
2020-03-14 21:37:49.513008674,1356,E,a3,b3,c4
2020-03-15 00:47:04.282855238,1261,H,a3,b4,c4
2020-03-15 03:56:19.052701802,1415,H,a4,b4,c1
2020-03-15 07:05:33.822548366,944,F,a4,b3,c5
2020-03-15 10:14:48.592394930,453,,a3,b4,c2
2020-03-15 13:24:03.362241496,1382,H,a2,b3,c0
2020-03-15 16:33:18.132088060,1213,G,a2,b6,c0
2020-03-15 19:42:32.901934624,1001,H,a1,b4,c0
2020-03-15 22:51:47.671781188,729,G,a0,b6,c4
2020-03-16 02:01:02.441627752,1082,,a3,b6,c3
2020-03-16 05:10:17.211474316,364,H,a0,b6,c3
2020-03-16 08:19:31.981320882,189,D,a0,b6,c2
2020-03-16 11:28:46.751167446,1282,H,a0,b2,c3
2020-03-16 14:38:01.521014010,1488,,a4,b3,c4
2020-03-16 17:47:16.290860574,671,D,a0,b3,c2
2020-03-16 20:56:31.060707138,560,,a3,b6,c2
2020-03-17 00:05:45.830553704,1345,D,a1,b1,c1
2020-03-17 03:15:00.600400268,933,,a0,b4,c3
2020-03-17 06:24:15.370246832,157,F,a1,b6,c2
2020-03-17 09:33:30.140093396,818,G,a4,b6,c1
2020-03-17 12:42:44.909939960,298,H,a4,b6,c5
2020-03-17 15:51:59.679786526,687,G,a0,b3,c1
2020-03-17 19:01:14.449633090,682,H,a3,b0,c2
2020-03-17 22:10:29.219479654,314,F,a4,b2,c5
2020-03-18 01:19:43.989326218,498,F,a1,b4,c4
2020-03-18 04:28:58.759172782,751,G,a4,b5,c1
2020-03-18 07:38:13.529019346,1351,F,a4,b6,c4
2020-03-18 10:47:28.298865912,414,F,a4,b1,c1
2020-03-18 13:56:43.068712476,412,,a3,b4,c5
2020-03-18 17:05:57.838559040,455,H,a3,b3,c4
2020-03-18 20:15:12.608405604,1474,F,a0,b4,c3
2020-03-18 23:24:27.378252168,850,G,a0,b3,c4
2020-03-19 02:33:42.148098734,244,,a2,b6,c3
2020-03-19 05:42:56.917945298,727,G,a1,b4,c4
2020-03-19 08:52:11.687791862,1487,,a4,b4,c1
2020-03-19 12:01:26.457638426,39,H,a0,b6,c2
2020-03-19 15:10:41.227484990,994,,a0,b6,c2
2020-03-19 18:19:55.997331556,1257,,a0,b1,c3
2020-03-19 21:29:10.767178120,269,,a0,b6,c2
2020-03-20 00:38:25.537024684,882,G,a4,b5,c3
2020-03-20 03:47:40.306871248,681,H,a3,b2,c3
2020-03-20 06:56:55.076717812,1173,,a0,b0,c0
2020-03-20 10:06:09.846564376,946,G,a3,b1,c5
2020-03-20 13:15:24.616410942,234,F,a4,b3,c5
2020-03-20 16:24:39.386257506,568,F,a3,b6,c1
2020-03-20 19:33:54.156104070,66,,a4,b4,c1
2020-03-20 22:43:08.925950634,895,G,a2,b3,c4
2020-03-21 01:52:23.695797198,1304,,a4,b6,c3
2020-03-21 05:01:38.465643764,261,F,a3,b4,c0
2020-03-21 08:10:53.235490328,115,F,a0,b4,c5
2020-03-21 11:20:08.005336892,629,F,a3,b6,c3
2020-03-21 14:29:22.775183456,1319,E,a2,b5,c2
2020-03-21 17:38:37.545030020,1205,D,a2,b3,c5
2020-03-21 20:47:52.314876586,67,,a4,b5,c4
2020-03-21 23:57:07.084723150,1068,E,a2,b6,c0
2020-03-22 03:06:21.854569714,1455,G,a4,b6,c4
2020-03-22 06:15:36.624416278,1416,G,a3,b1,c5
2020-03-22 09:24:51.394262842,1328,D,a4,b5,c0
2020-03-22 12:34:06.164109406,1249,H,a0,b2,c2
2020-03-22 15:43:20.933955972,1325,G,a4,b6,c2
2020-03-22 18:52:35.703802536,210,D,a0,b4,c4
2020-03-22 22:01:50.473649100,400,,a1,b6,c0
2020-03-23 01:11:05.243495664,377,,a3,b6,c3
2020-03-23 04:20:20.013342228,730,,a3,b6,c3
2020-03-23 07:29:34.783188794,54,F,a3,b6,c5
2020-03-23 10:38:49.553035358,699,,a3,b5,c5
2020-03-23 13:48:04.322881922,1301,H,a1,b5,c4
2020-03-23 16:57:19.092728486,116,,a1,b5,c4
2020-03-23 20:06:33.862575050,1279,,a2,b4,c3
2020-03-23 23:15:48.632421616,156,F,a0,b3,c2
2020-03-24 02:25:03.402268180,1219,,a1,b6,c5
2020-03-24 05:34:18.172114744,557,H,a1,b5,c1
2020-03-24 08:43:32.941961308,658,E,a0,b0,c2
2020-03-24 11:52:47.711807872,1169,,a0,b5,c5
2020-03-24 15:02:02.481654438,203,,a2,b4,c4
2020-03-24 18:11:17.251501002,200,H,a4,b4,c3
2020-03-24 21:20:32.021347566,56,F,a2,b6,c0
2020-03-25 00:29:46.791194130,950,F,a0,b4,c3
2020-03-25 03:39:01.561040694,1406,H,a1,b1,c4
2020-03-25 06:48:16.330887258,1025,,a1,b5,c3
2020-03-25 09:57:31.100733824,1430,E,a1,b1,c1
2020-03-25 13:06:45.870580388,503,G,a2,b1,c1
2020-03-25 16:16:00.640426952,820,G,a4,b2,c3
2020-03-25 19:25:15.410273516,119,H,a0,b0,c0
2020-03-25 22:34:30.180120080,915,G,a0,b6,c3
2020-03-26 01:43:44.949966646,778,H,a4,b2,c0
2020-03-26 04:52:59.719813210,1167,,a3,b6,c2
2020-03-26 08:02:14.489659774,1349,G,a3,b5,c3
2020-03-26 11:11:29.259506338,654,,a3,b4,c0
2020-03-26 14:20:44.029352902,1278,,a4,b3,c4
2020-03-26 17:29:58.799199468,1402,E,a0,b2,c5
2020-03-26 20:39:13.569046032,42,G,a4,b2,c3
2020-03-26 23:48:28.338892596,398,,a4,b5,c0
2020-03-27 02:57:43.108739160,199,,a2,b6,c0
2020-03-27 06:06:57.878585724,173,H,a2,b3,c3
2020-03-27 09:16:12.648432288,136,G,a2,b4,c3
2020-03-27 12:25:27.418278854,1260,,a0,b4,c0
2020-03-27 15:34:42.188125418,935,,a0,b3,c2
2020-03-27 18:43:56.957971982,1052,,a0,b5,c5
2020-03-27 21:53:11.727818546,296,,a4,b6,c2
2020-03-28 01:02:26.497665110,633,D,a1,b6,c3
2020-03-28 04:11:41.267511676,610,H,a1,b5,c5
2020-03-28 07:20:56.037358240,1096,H,a2,b4,c2
2020-03-28 10:30:10.807204804,716,,a0,b1,c2
2020-03-28 13:39:25.577051368,582,,a4,b6,c2
2020-03-28 16:48:40.346897932,1489,H,a2,b2,c2
2020-03-28 19:57:55.116744498,1056,H,a3,b6,c3
2020-03-28 23:07:09.886591062,1465,G,a1,b4,c3
2020-03-29 02:16:24.656437626,958,,a1,b4,c2
2020-03-29 05:25:39.426284190,483,G,a4,b4,c4
2020-03-29 08:34:54.196130754,714,,a4,b3,c3
2020-03-29 11:44:08.965977318,701,F,a1,b6,c3
2020-03-29 14:53:23.735823884,140,,a0,b6,c3
2020-03-29 18:02:38.505670448,1475,G,a2,b4,c4
2020-03-29 21:11:53.275517012,798,,a3,b1,c2
2020-03-30 00:21:08.045363576,134,F,a0,b6,c2
2020-03-30 03:30:22.815210140,1188,G,a0,b5,c4
2020-03-30 06:39:37.585056706,216,,a4,b1,c2
2020-03-30 09:48:52.354903270,952,G,a3,b5,c2
2020-03-30 12:58:07.124749834,1338,F,a4,b5,c4
2020-03-30 16:07:21.894596398,177,F,a1,b5,c1
2020-03-30 19:16:36.664442962,1357,H,a3,b5,c0
2020-03-30 22:25:51.434289528,299,G,a3,b6,c3
2020-03-31 01:35:06.204136092,1238,H,a2,b5,c0
2020-03-31 04:44:20.973982656,757,H,a2,b5,c1
2020-03-31 07:53:35.743829220,1407,D,a0,b3,c4
2020-03-31 11:02:50.513675784,695,G,a0,b4,c4
2020-03-31 14:12:05.283522348,1152,H,a1,b4,c2
2020-03-31 17:21:20.053368914,775,H,a0,b3,c3
2020-03-31 20:30:34.823215478,8,E,a0,b5,c0
2020-03-31 23:39:49.593062042,215,E,a0,b1,c4
2020-04-01 02:49:04.362908606,169,G,a0,b2,c3
2020-04-01 05:58:19.132755170,335,,a3,b3,c4
2020-04-01 09:07:33.902601736,362,G,a4,b6,c1
2020-04-01 12:16:48.672448300,147,H,a1,b0,c4
2020-04-01 15:26:03.442294864,1397,,a1,b6,c5
2020-04-01 18:35:18.212141428,1043,,a2,b5,c3
2020-04-01 21:44:32.981987992,1428,H,a0,b3,c4
2020-04-02 00:53:47.751834558,721,,a0,b3,c5
2020-04-02 04:03:02.521681122,1459,F,a2,b0,c1
2020-04-02 07:12:17.291527686,1454,H,a3,b1,c1
2020-04-02 10:21:32.061374250,6,E,a3,b6,c1
2020-04-02 13:30:46.831220814,1009,H,a1,b2,c5
2020-04-02 16:40:01.601067380,348,,a4,b4,c1
2020-04-02 19:49:16.370913944,917,G,a0,b4,c0
2020-04-02 22:58:31.140760508,1183,F,a2,b4,c5
2020-04-03 02:07:45.910607072,53,,a4,b3,c4
2020-04-03 05:17:00.680453636,702,H,a3,b0,c3
2020-04-03 08:26:15.450300200,374,D,a4,b1,c0
2020-04-03 11:35:30.220146766,752,D,a1,b5,c1
2020-04-03 14:44:44.989993330,968,G,a0,b5,c3
2020-04-03 17:53:59.759839894,205,F,a3,b4,c3
2020-04-03 21:03:14.529686458,1437,,a4,b5,c0
2020-04-04 00:12:29.299533022,1384,,a2,b6,c2
2020-04-04 03:21:44.069379588,347,E,a3,b6,c3
2020-04-04 06:30:58.839226152,731,F,a4,b3,c4
2020-04-04 09:40:13.609072716,587,,a0,b3,c3
2020-04-04 12:49:28.378919280,197,H,a3,b4,c5
2020-04-04 15:58:43.148765844,546,D,a4,b4,c4
2020-04-04 19:07:57.918612410,1232,E,a4,b1,c4
2020-04-04 22:17:12.688458974,1486,H,a2,b6,c1
2020-04-05 01:26:27.458305538,836,F,a3,b4,c2
2020-04-05 04:35:42.228152102,1310,G,a0,b5,c4
2020-04-05 07:44:56.997998666,271,F,a4,b0,c0
2020-04-05 10:54:11.767845230,1075,,a2,b4,c4
2020-04-05 14:03:26.537691796,1140,H,a0,b5,c5
2020-04-05 17:12:41.307538360,144,G,a0,b6,c2
2020-04-05 20:21:56.077384924,342,F,a2,b5,c5
2020-04-05 23:31:10.847231488,384,,a1,b0,c1
2020-04-06 02:40:25.617078052,184,G,a4,b4,c1
2020-04-06 05:49:40.386924618,1116,E,a4,b3,c2
2020-04-06 08:58:55.156771182,774,F,a1,b5,c0
2020-04-06 12:08:09.926617746,520,G,a3,b6,c1
2020-04-06 15:17:24.696464310,57,H,a1,b1,c5
2020-04-06 18:26:39.466310874,204,G,a4,b2,c1
2020-04-06 21:35:54.236157440,1231,F,a4,b5,c2
2020-04-07 00:45:09.006004004,97,G,a2,b6,c2
2020-04-07 03:54:23.775850568,297,H,a4,b6,c1
2020-04-07 07:03:38.545697132,931,G,a4,b5,c0
2020-04-07 10:12:53.315543696,1262,D,a3,b5,c1
2020-04-07 13:22:08.085390260,1246,,a4,b5,c1
2020-04-07 16:31:22.855236826,1453,H,a2,b4,c3
2020-04-07 19:40:37.625083390,191,,a0,b4,c2
2020-04-07 22:49:52.394929954,685,E,a2,b3,c0
2020-04-08 01:59:07.164776518,869,G,a3,b6,c1
2020-04-08 05:08:21.934623082,825,H,a2,b5,c0
2020-04-08 08:17:36.704469648,1458,D,a4,b4,c3
2020-04-08 11:26:51.474316212,193,F,a0,b2,c3
2020-04-08 14:36:06.244162776,1179,G,a2,b5,c4
2020-04-08 17:45:21.014009340,852,,a1,b6,c5
2020-04-08 20:54:35.783855904,477,G,a1,b2,c2
2020-04-09 00:03:50.553702470,990,,a0,b2,c5
2020-04-09 03:13:05.323549034,432,F,a3,b5,c1
2020-04-09 06:22:20.093395598,1381,F,a0,b1,c5
2020-04-09 09:31:34.863242162,1421,,a1,b6,c1
2020-04-09 12:40:49.633088726,939,D,a4,b5,c1
2020-04-09 15:50:04.402935292,1235,E,a1,b5,c1
2020-04-09 18:59:19.172781856,605,G,a3,b2,c2
2020-04-09 22:08:33.942628420,710,,a0,b4,c5
2020-04-10 01:17:48.712474984,407,H,a2,b6,c5
2020-04-10 04:27:03.482321548,1342,G,a0,b5,c2
2020-04-10 07:36:18.252168112,708,F,a4,b0,c5
2020-04-10 10:45:33.022014678,355,H,a2,b4,c2
2020-04-10 13:54:47.791861242,114,F,a3,b4,c0
2020-04-10 17:04:02.561707806,473,F,a3,b4,c5
2020-04-10 20:13:17.331554370,186,H,a3,b5,c2
2020-04-10 23:22:32.101400934,647,H,a0,b5,c3
2020-04-11 02:31:46.871247500,1497,F,a2,b6,c2
2020-04-11 05:41:01.641094064,211,,a0,b6,c2
2020-04-11 08:50:16.410940628,1493,D,a0,b3,c1
2020-04-11 11:59:31.180787192,1379,,a3,b3,c1
2020-04-11 15:08:45.950633756,981,,a3,b6,c0
2020-04-11 18:18:00.720480322,544,D,a2,b6,c3
2020-04-11 21:27:15.490326886,1478,G,a2,b3,c3
2020-04-12 00:36:30.260173450,104,H,a3,b5,c1
2020-04-12 03:45:45.030020014,545,,a2,b5,c2
2020-04-12 06:54:59.799866578,350,,a0,b2,c0
2020-04-12 10:04:14.569713142,366,E,a1,b4,c2
2020-04-12 13:13:29.339559708,998,H,a3,b5,c0
2020-04-12 16:22:44.109406272,55,,a1,b6,c4
2020-04-12 19:31:58.879252836,576,E,a4,b2,c0
2020-04-12 22:41:13.649099400,871,F,a2,b5,c2
2020-04-13 01:50:28.418945964,591,G,a0,b2,c4
2020-04-13 04:59:43.188792530,1115,G,a4,b6,c1
2020-04-13 08:08:57.958639094,1495,G,a3,b4,c1
2020-04-13 11:18:12.728485658,408,G,a0,b2,c1
2020-04-13 14:27:27.498332222,809,,a3,b6,c0
2020-04-13 17:36:42.268178786,283,E,a2,b2,c4
2020-04-13 20:45:57.038025352,1073,G,a1,b4,c3
2020-04-13 23:55:11.807871916,480,F,a0,b6,c0
2020-04-14 03:04:26.577718480,482,,a2,b4,c2
2020-04-14 06:13:41.347565044,60,F,a3,b2,c3
2020-04-14 09:22:56.117411608,602,,a1,b3,c4
2020-04-14 12:32:10.887258172,294,G,a0,b4,c0
2020-04-14 15:41:25.657104738,807,,a0,b5,c3
2020-04-14 18:50:40.426951302,713,G,a2,b3,c1
2020-04-14 21:59:55.196797866,198,,a2,b1,c2
2020-04-15 01:09:09.966644430,530,G,a2,b6,c4
2020-04-15 04:18:24.736490994,1451,,a4,b6,c5
2020-04-15 07:27:39.506337560,151,G,a2,b3,c2
2020-04-15 10:36:54.276184124,971,G,a3,b5,c5
2020-04-15 13:46:09.046030688,691,H,a2,b2,c3
2020-04-15 16:55:23.815877252,165,H,a4,b2,c3
2020-04-15 20:04:38.585723816,307,,a2,b1,c5
2020-04-15 23:13:53.355570382,1265,,a2,b1,c2
2020-04-16 02:23:08.125416946,170,,a0,b6,c5
2020-04-16 05:32:22.895263510,881,G,a3,b3,c3
2020-04-16 08:41:37.665110074,550,H,a3,b4,c0
2020-04-16 11:50:52.434956638,819,F,a1,b5,c3
2020-04-16 15:00:07.204803202,1100,G,a4,b5,c1
2020-04-16 18:09:21.974649768,683,,a1,b3,c2
2020-04-16 21:18:36.744496332,537,G,a2,b3,c0
2020-04-17 00:27:51.514342896,214,H,a1,b6,c4
2020-04-17 03:37:06.284189460,796,,a2,b6,c5
2020-04-17 06:46:21.054036024,868,,a4,b4,c2
2020-04-17 09:55:35.823882590,1274,H,a2,b3,c1
2020-04-17 13:04:50.593729154,259,G,a2,b5,c1
2020-04-17 16:14:05.363575718,858,H,a3,b5,c1
2020-04-17 19:23:20.133422282,1412,G,a2,b2,c0
2020-04-17 22:32:34.903268846,154,D,a0,b3,c0
2020-04-18 01:41:49.673115412,456,,a0,b5,c2
2020-04-18 04:51:04.442961976,853,H,a0,b5,c3
2020-04-18 08:00:19.212808540,1111,G,a2,b3,c1
2020-04-18 11:09:33.982655104,448,,a4,b6,c2
2020-04-18 14:18:48.752501668,245,,a3,b2,c0
2020-04-18 17:28:03.522348234,1002,D,a2,b4,c2
2020-04-18 20:37:18.292194798,747,G,a2,b2,c2
2020-04-18 23:46:33.062041362,948,F,a1,b5,c0
2020-04-19 02:55:47.831887926,759,F,a3,b4,c4
2020-04-19 06:05:02.601734490,1053,F,a2,b1,c0
2020-04-19 09:14:17.371581054,74,E,a3,b6,c5
2020-04-19 12:23:32.141427620,711,G,a3,b5,c4
2020-04-19 15:32:46.911274184,604,,a1,b5,c5
2020-04-19 18:42:01.681120748,1127,H,a1,b4,c4
2020-04-19 21:51:16.450967312,94,H,a1,b3,c0
2020-04-20 01:00:31.220813876,1013,G,a1,b5,c1
2020-04-20 04:09:45.990660442,1369,H,a0,b5,c2
2020-04-20 07:19:00.760507006,905,H,a4,b4,c1
2020-04-20 10:28:15.530353570,1336,D,a1,b3,c1
2020-04-20 13:37:30.300200134,624,H,a4,b0,c1
2020-04-20 16:46:45.070046698,589,E,a4,b4,c5
2020-04-20 19:55:59.839893264,1368,G,a1,b4,c4
2020-04-20 23:05:14.609739828,792,G,a0,b4,c0
2020-04-21 02:14:29.379586392,258,F,a0,b2,c1
2020-04-21 05:23:44.149432956,1470,G,a0,b4,c5
2020-04-21 08:32:58.919279520,9,H,a0,b6,c2
2020-04-21 11:42:13.689126084,599,G,a1,b3,c2
2020-04-21 14:51:28.458972650,221,E,a3,b6,c2
2020-04-21 18:00:43.228819214,1168,,a0,b4,c3
2020-04-21 21:09:57.998665778,23,H,a1,b6,c4
2020-04-22 00:19:12.768512342,1272,F,a4,b2,c0
2020-04-22 03:28:27.538358906,551,,a0,b5,c5
2020-04-22 06:37:42.308205472,854,G,a0,b4,c4
2020-04-22 09:46:57.078052036,991,G,a0,b6,c4
2020-04-22 12:56:11.847898600,1267,G,a3,b3,c5
2020-04-22 16:05:26.617745164,821,G,a3,b2,c1
2020-04-22 19:14:41.387591728,103,E,a1,b3,c0
2020-04-22 22:23:56.157438294,336,H,a2,b6,c5
2020-04-23 01:33:10.927284858,446,,a1,b3,c3
2020-04-23 04:42:25.697131422,372,F,a4,b0,c4
2020-04-23 07:51:40.466977986,32,H,a1,b5,c3
2020-04-23 11:00:55.236824550,1091,,a0,b0,c4
2020-04-23 14:10:10.006671114,1413,G,a0,b2,c3
2020-04-23 17:19:24.776517680,351,,a2,b0,c4
2020-04-23 20:28:39.546364244,469,D,a0,b6,c4
2020-04-23 23:37:54.316210808,838,H,a4,b2,c3
2020-04-24 02:47:09.086057372,659,,a0,b2,c2
2020-04-24 05:56:23.855903936,80,H,a3,b2,c1
2020-04-24 09:05:38.625750502,1425,E,a0,b4,c4
2020-04-24 12:14:53.395597066,464,H,a0,b6,c5
2020-04-24 15:24:08.165443630,578,G,a0,b3,c4
2020-04-24 18:33:22.935290194,410,F,a2,b4,c3
2020-04-24 21:42:37.705136758,1499,E,a1,b0,c0
2020-04-25 00:51:52.474983324,722,F,a1,b3,c0
2020-04-25 04:01:07.244829888,1385,F,a2,b3,c5
2020-04-25 07:10:22.014676452,1438,E,a2,b6,c1
2020-04-25 10:19:36.784523016,829,D,a3,b6,c0
2020-04-25 13:28:51.554369580,172,,a0,b2,c4
2020-04-25 16:38:06.324216144,1374,F,a3,b6,c1
2020-04-25 19:47:21.094062710,1026,F,a1,b6,c1
2020-04-25 22:56:35.863909274,1066,F,a0,b5,c1
2020-04-26 02:05:50.633755838,270,,a0,b6,c2
2020-04-26 05:15:05.403602402,415,F,a0,b2,c5
2020-04-26 08:24:20.173448966,593,G,a0,b6,c5
2020-04-26 11:33:34.943295532,1264,E,a0,b5,c3
2020-04-26 14:42:49.713142096,228,H,a1,b3,c2
2020-04-26 17:52:04.482988660,240,E,a0,b0,c0
2020-04-26 21:01:19.252835224,37,G,a0,b6,c4
2020-04-27 00:10:34.022681788,1298,,a2,b5,c3
2020-04-27 03:19:48.792528354,1004,,a0,b6,c1
2020-04-27 06:29:03.562374918,1456,H,a0,b2,c2
2020-04-27 09:38:18.332221482,723,H,a0,b3,c4
2020-04-27 12:47:33.102068046,885,,a0,b2,c5
2020-04-27 15:56:47.871914610,1133,,a4,b2,c5
2020-04-27 19:06:02.641761176,1361,,a1,b4,c5
2020-04-27 22:15:17.411607740,1263,H,a1,b4,c5
2020-04-28 01:24:32.181454304,883,,a2,b5,c3
2020-04-28 04:33:46.951300868,420,E,a0,b6,c0
2020-04-28 07:43:01.721147432,1148,G,a1,b5,c0
2020-04-28 10:52:16.490993996,306,D,a3,b3,c3
2020-04-28 14:01:31.260840562,101,G,a3,b6,c5
2020-04-28 17:10:46.030687126,1110,G,a4,b5,c0
2020-04-28 20:20:00.800533690,728,G,a0,b6,c4
2020-04-28 23:29:15.570380254,369,F,a4,b3,c4
2020-04-29 02:38:30.340226818,760,G,a2,b6,c5
2020-04-29 05:47:45.110073384,1226,F,a0,b4,c0
2020-04-29 08:56:59.879919948,422,G,a0,b2,c1
2020-04-29 12:06:14.649766512,491,G,a1,b3,c2
2020-04-29 15:15:29.419613076,1339,E,a0,b0,c5
2020-04-29 18:24:44.189459640,251,F,a2,b2,c0
2020-04-29 21:33:58.959306206,1466,H,a2,b4,c2
2020-04-30 00:43:13.729152770,1202,,a4,b5,c3
2020-04-30 03:52:28.498999334,964,G,a1,b5,c3
2020-04-30 07:01:43.268845898,1269,,a2,b2,c0
2020-04-30 10:10:58.038692462,1151,,a3,b4,c4
2020-04-30 13:20:12.808539026,911,,a2,b3,c3
2020-04-30 16:29:27.578385592,346,G,a2,b4,c2
2020-04-30 19:38:42.348232156,267,F,a0,b3,c0
2020-04-30 22:47:57.118078720,162,E,a3,b5,c5
2020-05-01 01:57:11.887925284,511,G,a1,b2,c1
2020-05-01 05:06:26.657771848,898,,a4,b2,c3
2020-05-01 08:15:41.427618414,1098,H,a4,b3,c4
2020-05-01 11:24:56.197464978,1295,G,a4,b6,c0
2020-05-01 14:34:10.967311542,552,H,a1,b6,c4
2020-05-01 17:43:25.737158106,45,H,a1,b3,c1
2020-05-01 20:52:40.507004670,1491,F,a2,b3,c5
2020-05-02 00:01:55.276851236,834,,a1,b3,c0
2020-05-02 03:11:10.046697800,290,D,a2,b5,c2
2020-05-02 06:20:24.816544364,1040,G,a4,b5,c1
2020-05-02 09:29:39.586390928,746,H,a3,b4,c4
2020-05-02 12:38:54.356237492,1058,H,a3,b5,c2
2020-05-02 15:48:09.126084056,841,F,a1,b5,c1
2020-05-02 18:57:23.895930622,980,H,a2,b4,c5
2020-05-02 22:06:38.665777186,11,G,a3,b4,c1
2020-05-03 01:15:53.435623750,430,H,a4,b5,c1
2020-05-03 04:25:08.205470314,22,G,a4,b3,c2
2020-05-03 07:34:22.975316878,603,G,a2,b2,c0
2020-05-03 10:43:37.745163444,1215,G,a3,b4,c0
2020-05-03 13:52:52.515010008,253,H,a3,b5,c1
2020-05-03 17:02:07.284856572,1294,E,a0,b5,c2
2020-05-03 20:11:22.054703136,527,F,a2,b3,c4
2020-05-03 23:20:36.824549700,217,E,a1,b5,c2
2020-05-04 02:29:51.594396266,573,,a3,b5,c3
2020-05-04 05:39:06.364242830,932,H,a4,b1,c3
2020-05-04 08:48:21.134089394,959,G,a4,b3,c5
2020-05-04 11:57:35.903935958,1307,G,a2,b5,c5
2020-05-04 15:06:50.673782522,14,,a4,b6,c1
2020-05-04 18:16:05.443629088,282,E,a4,b2,c5
2020-05-04 21:25:20.213475652,468,,a3,b6,c2
2020-05-05 00:34:34.983322216,542,F,a2,b2,c0
2020-05-05 03:43:49.753168780,976,F,a1,b5,c1
2020-05-05 06:53:04.523015344,943,,a0,b5,c2
2020-05-05 10:02:19.292861908,977,H,a2,b2,c0
2020-05-05 13:11:34.062708474,1449,H,a4,b5,c3
2020-05-05 16:20:48.832555038,129,,a4,b6,c4
2020-05-05 19:30:03.602401602,1105,G,a4,b6,c2
2020-05-05 22:39:18.372248166,365,H,a3,b2,c1
2020-05-06 01:48:33.142094730,46,,a3,b1,c5
2020-05-06 04:57:47.911941296,1042,H,a2,b3,c5
2020-05-06 08:07:02.681787860,1308,,a0,b2,c2
2020-05-06 11:16:17.451634424,870,E,a0,b6,c5
2020-05-06 14:25:32.221480988,983,,a2,b2,c5
2020-05-06 17:34:46.991327552,995,,a4,b5,c1
2020-05-06 20:44:01.761174118,93,D,a2,b1,c3
2020-05-06 23:53:16.531020682,684,H,a4,b4,c4
2020-05-07 03:02:31.300867246,526,,a3,b1,c0
2020-05-07 06:11:46.070713810,622,G,a1,b6,c2
2020-05-07 09:21:00.840560374,1292,G,a1,b1,c2
2020-05-07 12:30:15.610406938,16,H,a0,b5,c1
2020-05-07 15:39:30.380253504,237,G,a4,b6,c0
2020-05-07 18:48:45.150100068,1288,,a0,b1,c5
2020-05-07 21:57:59.919946632,1432,H,a4,b5,c1
2020-05-08 01:07:14.689793196,1327,D,a2,b6,c3
2020-05-08 04:16:29.459639760,168,H,a2,b6,c0
2020-05-08 07:25:44.229486326,1410,E,a4,b5,c3
2020-05-08 10:34:58.999332890,1071,F,a1,b6,c0
2020-05-08 13:44:13.769179454,155,H,a2,b0,c1
2020-05-08 16:53:28.539026018,513,,a1,b4,c5
2020-05-08 20:02:43.308872582,965,G,a1,b6,c2
2020-05-08 23:11:58.078719148,1241,F,a0,b3,c3
2020-05-09 02:21:12.848565712,108,F,a0,b4,c4
2020-05-09 05:30:27.618412276,755,H,a0,b6,c0
2020-05-09 08:39:42.388258840,663,,a0,b6,c3
2020-05-09 11:48:57.158105404,425,,a2,b6,c0
2020-05-09 14:58:11.927951968,354,F,a4,b3,c3
2020-05-09 18:07:26.697798534,1419,E,a0,b1,c1
2020-05-09 21:16:41.467645098,1221,,a1,b6,c4
2020-05-10 00:25:56.237491662,833,,a4,b3,c2
2020-05-10 03:35:11.007338226,493,F,a4,b3,c3
2020-05-10 06:44:25.777184790,1187,D,a0,b4,c3
2020-05-10 09:53:40.547031356,185,H,a2,b6,c3
2020-05-10 13:02:55.316877920,429,G,a3,b2,c1
2020-05-10 16:12:10.086724484,734,H,a4,b5,c3
2020-05-10 19:21:24.856571048,1214,,a3,b4,c0
2020-05-10 22:30:39.626417612,196,F,a4,b6,c1
2020-05-11 01:39:54.396264178,879,E,a2,b3,c5
2020-05-11 04:49:09.166110742,892,H,a3,b6,c1
2020-05-11 07:58:23.935957306,817,H,a3,b6,c5
2020-05-11 11:07:38.705803870,555,,a3,b3,c5
2020-05-11 14:16:53.475650434,595,E,a0,b1,c5
2020-05-11 17:26:08.245496998,235,G,a3,b1,c5
2020-05-11 20:35:23.015343564,1347,E,a3,b6,c2
2020-05-11 23:44:37.785190128,333,H,a0,b0,c2
2020-05-12 02:53:52.555036692,548,F,a3,b5,c5
2020-05-12 06:03:07.324883256,904,E,a3,b0,c2
2020-05-12 09:12:22.094729820,2,,a3,b5,c3
2020-05-12 12:21:36.864576386,669,,a1,b6,c4
2020-05-12 15:30:51.634422950,102,,a4,b3,c1
2020-05-12 18:40:06.404269514,254,E,a4,b6,c4
2020-05-12 21:49:21.174116078,243,,a2,b2,c3
2020-05-13 00:58:35.943962642,395,F,a4,b2,c3
2020-05-13 04:07:50.713809208,128,F,a2,b3,c4
2020-05-13 07:17:05.483655772,1059,,a1,b0,c3
2020-05-13 10:26:20.253502336,389,E,a3,b3,c0
2020-05-13 13:35:35.023348900,553,F,a4,b5,c0
2020-05-13 16:44:49.793195464,1311,,a3,b4,c4
2020-05-13 19:54:04.563042030,1448,H,a3,b6,c3
2020-05-13 23:03:19.332888594,765,D,a1,b1,c0
2020-05-14 02:12:34.102735158,581,H,a2,b6,c4
2020-05-14 05:21:48.872581722,1104,E,a4,b4,c5
2020-05-14 08:31:03.642428286,975,E,a4,b4,c4
2020-05-14 11:40:18.412274850,866,G,a0,b0,c0
2020-05-14 14:49:33.182121416,30,,a0,b1,c4
2020-05-14 17:58:47.951967980,689,G,a4,b5,c1
2020-05-14 21:08:02.721814544,901,H,a4,b3,c0
2020-05-15 00:17:17.491661108,1358,F,a4,b3,c1
2020-05-15 03:26:32.261507672,90,H,a2,b6,c0
2020-05-15 06:35:47.031354238,87,H,a3,b6,c5
2020-05-15 09:45:01.801200802,208,G,a4,b3,c5
2020-05-15 12:54:16.571047366,1101,E,a1,b5,c5
2020-05-15 16:03:31.340893930,5,G,a0,b0,c3
2020-05-15 19:12:46.110740494,579,G,a1,b5,c3
2020-05-15 22:22:00.880587060,835,G,a0,b1,c0
2020-05-16 01:31:15.650433624,463,H,a4,b6,c5
2020-05-16 04:40:30.420280188,777,G,a3,b5,c1
2020-05-16 07:49:45.190126752,640,,a0,b4,c0
2020-05-16 10:58:59.959973316,486,,a3,b4,c5
2020-05-16 14:08:14.729819880,652,H,a2,b5,c5
2020-05-16 17:17:29.499666446,787,F,a0,b6,c3
2020-05-16 20:26:44.269513010,925,H,a2,b5,c0
2020-05-16 23:35:59.039359574,370,H,a0,b3,c0
2020-05-17 02:45:13.809206138,612,G,a1,b6,c1
2020-05-17 05:54:28.579052702,278,H,a2,b3,c1
2020-05-17 09:03:43.348899268,272,H,a2,b3,c2
2020-05-17 12:12:58.118745832,1334,D,a3,b0,c0
2020-05-17 15:22:12.888592396,64,F,a0,b2,c2
2020-05-17 18:31:27.658438960,516,H,a3,b4,c4
2020-05-17 21:40:42.428285524,163,,a1,b2,c1
2020-05-18 00:49:57.198132090,897,H,a2,b6,c0
2020-05-18 03:59:11.967978654,962,,a2,b5,c0
2020-05-18 07:08:26.737825218,353,,a4,b3,c1
2020-05-18 10:17:41.507671782,1431,F,a4,b4,c2
2020-05-18 13:26:56.277518346,1039,H,a0,b3,c1
2020-05-18 16:36:11.047364910,201,H,a3,b4,c1
2020-05-18 19:45:25.817211476,949,,a2,b3,c4
2020-05-18 22:54:40.587058040,902,,a0,b5,c2
2020-05-19 02:03:55.356904604,229,H,a0,b5,c1
2020-05-19 05:13:10.126751168,358,H,a4,b2,c1
2020-05-19 08:22:24.896597732,847,,a4,b3,c0
2020-05-19 11:31:39.666444298,71,F,a4,b5,c0
2020-05-19 14:40:54.436290862,1062,G,a0,b1,c4
2020-05-19 17:50:09.206137426,936,,a1,b4,c5
2020-05-19 20:59:23.975983990,311,G,a4,b3,c5
2020-05-20 00:08:38.745830554,1147,H,a2,b1,c5
2020-05-20 03:17:53.515677120,969,F,a3,b4,c0
2020-05-20 06:27:08.285523684,187,,a4,b0,c4
2020-05-20 09:36:23.055370248,1473,H,a3,b4,c4
2020-05-20 12:45:37.825216812,1218,D,a3,b5,c4
2020-05-20 15:54:52.595063376,1285,G,a0,b2,c4
2020-05-20 19:04:07.364909940,1126,F,a3,b4,c5
2020-05-20 22:13:22.134756506,726,E,a4,b2,c4
2020-05-21 01:22:36.904603070,1027,F,a4,b6,c0
2020-05-21 04:31:51.674449634,286,H,a0,b1,c5
2020-05-21 07:41:06.444296198,864,H,a2,b4,c3
2020-05-21 10:50:21.214142762,360,,a0,b2,c0
2020-05-21 13:59:35.983989328,488,H,a1,b4,c3
2020-05-21 17:08:50.753835892,1436,F,a2,b3,c1
2020-05-21 20:18:05.523682456,1093,G,a2,b3,c5
2020-05-21 23:27:20.293529020,226,F,a4,b6,c0
2020-05-22 02:36:35.063375584,1021,,a1,b4,c1
2020-05-22 05:45:49.833222150,827,F,a3,b3,c1
2020-05-22 08:55:04.603068714,287,G,a3,b2,c5
2020-05-22 12:04:19.372915278,386,,a3,b6,c4
2020-05-22 15:13:34.142761842,706,D,a1,b5,c0
2020-05-22 18:22:48.912608406,538,G,a0,b3,c2
2020-05-22 21:32:03.682454972,837,D,a1,b5,c0
2020-05-23 00:41:18.452301536,1224,G,a4,b6,c2
2020-05-23 03:50:33.222148100,496,,a0,b6,c2
2020-05-23 06:59:47.991994664,1398,E,a4,b4,c4
2020-05-23 10:09:02.761841228,83,,a3,b5,c2
2020-05-23 13:18:17.531687792,1408,G,a4,b2,c2
2020-05-23 16:27:32.301534358,678,H,a4,b6,c3
2020-05-23 19:36:47.071380922,627,D,a0,b5,c5
2020-05-23 22:46:01.841227486,1372,D,a2,b3,c3
2020-05-24 01:55:16.611074050,438,H,a1,b4,c0
2020-05-24 05:04:31.380920614,1029,G,a2,b6,c0
2020-05-24 08:13:46.150767180,406,,a4,b0,c2
2020-05-24 11:23:00.920613744,641,F,a1,b6,c3
2020-05-24 14:32:15.690460308,1203,,a1,b3,c1
2020-05-24 17:41:30.460306872,1313,G,a4,b2,c4
2020-05-24 20:50:45.230153436,1352,H,a4,b3,c3
2020-05-25 00:00:00.000000000,1189,G,a1,b3,c1
